PRACTICE_POSTCODE,Urgent_Count,Total_Count,Pressure_Index_Pct
SE135FH,178,178,100.0
PE47DG,424,424,100.0
CB28NX,309,309,100.0
HU12PS,5684,5685,99.98
CR91PJ,12831,12841,99.92
W55RG,2282,2285,99.87
KT27QB,396,397,99.75
ME206QJ,3519,3533,99.6
CT13NG,5007,5029,99.56
ME12EL,4308,4328,99.54
TS36AL,2039,2049,99.51
NE63AB,1665,1675,99.4
WC1V6LS,4577,4608,99.33
SR69AR,7904,7958,99.32
SN14AU,426,429,99.3
OX41XD,2598,2622,99.08
CA12SE,1421,1435,99.02
BS50UA,4691,4748,98.8
S102QE,23418,23704,98.79
BA12BT,807,818,98.66
W106DZ,301,306,98.37
CB13DQ,3379,3444,98.11
EC1A4JQ,499,510,97.84
OX39JA,295,302,97.68
RH117DH,6473,6632,97.6
LA45NN,25355,26040,97.37
CA288JG,3320,3417,97.16
NE311LR,134,138,97.1
SL12BJ,1354,1399,96.78
B974BD,150,155,96.77
TA63LS,1509,1570,96.11
IP12BP,1241,1295,95.83
DL14SU,3384,3537,95.67
SE18RQ,2674,2805,95.33
HP202SR,330,347,95.1
SN105EQ,502,528,95.08
SO225DF,442,466,94.85
PE11TN,2101,2221,94.6
SN152AJ,793,869,91.25
NE157HJ,1260,1397,90.19
TS240JT,670,744,90.05
E83NS,5625,6541,86.0
L93DF,406,497,81.69
WA157JW,37282,46394,80.36
WA11BL,10048,12839,78.26
SW183HU,151,195,77.44
E125AD,5143,6685,76.93
WR13DB,1373,1795,76.49
TW153JZ,308,407,75.68
TR12JA,9836,13005,75.63
DT51DL,274,367,74.66
NW73RE,2961,4040,73.29
CV238AP,215,294,73.13
NG11HW,5931,8160,72.68
NW23HY,5984,8261,72.44
N32SB,4323,6131,70.51
LA141XH,3544,5044,70.26
E149PA,9180,13328,68.88
N227XH,10447,15229,68.6
TF92JL,187,273,68.5
NE61SG,1116,1652,67.55
CB89YG,196,293,66.89
DY101PG,527,796,66.21
NE323UX,2289,3497,65.46
DH15TW,1999,3060,65.33
PR11HQ,1333,2058,64.77
E48JL,4631,7190,64.41
HG41HN,25500,39902,63.91
SM46HY,1083,1700,63.71
SY12EJ,2305,3636,63.39
GU227HS,1334,2114,63.1
BL34QW,15951,25544,62.45
GL128DB,169,274,61.68
IP41QJ,738,1219,60.54
L97LH,251,421,59.62
SY111GA,1110,1862,59.61
ST12BN,5422,9222,58.79
EN91NN,1881,3224,58.34
WR111JT,376,650,57.85
EX79HX,351,617,56.89
WN25TH,196,347,56.48
NE659XG,972,1724,56.38
SW97NU,7682,13935,55.13
B976QS,73,133,54.89
LA13QZ,376,686,54.81
SN101AR,221,404,54.7
HU95LS,600,1100,54.55
DN76EE,645,1185,54.43
DE141EG,3851,7094,54.29
W120LU,6430,11863,54.2
NR14LU,615,1145,53.71
LA184NA,243,453,53.64
CA255BL,1376,2587,53.19
OL81NN,14017,26386,53.12
WA52EN,97,183,53.01
SW113QA,5245,9903,52.96
HA29TR,3888,7371,52.75
SW25XF,181,345,52.46
LS237AZ,250,482,51.87
SM25PD,70,135,51.85
HP30NZ,162,330,49.09
TN30ET,614,1278,48.04
PL48NQ,1907,4026,47.37
SN105TU,218,461,47.29
CA27HY,1138,2421,47.01
DN157PN,5369,11517,46.62
BN29NE,4162,8969,46.4
NE334AR,530,1150,46.09
MK401HG,53,115,46.09
HU28JQ,4345,9543,45.53
SE78UD,4747,10453,45.41
TN377AN,1200,2663,45.06
CV238SZ,106,236,44.92
HR12HU,5686,12727,44.68
NN82NX,207,466,44.42
S653ET,2376,5354,44.38
SG11LX,9094,20947,43.41
WF92RN,6186,14265,43.36
E12LP,892,2057,43.36
TQ124XX,3767,8710,43.25
NE331PD,5424,12621,42.98
PO167AD,4510,10578,42.64
TW59TY,7607,17866,42.58
TQ25YH,1372,3230,42.48
CV100JL,51,121,42.15
MK416HL,380,908,41.85
YO411PS,87,209,41.63
HD11LG,1838,4463,41.18
B323LE,641,1565,40.96
EX12ED,979,2403,40.74
NW102NX,2776,6835,40.61
ME124DZ,347,864,40.16
DE65HW,65,163,39.88
RM53NR,3961,9946,39.83
RG95SB,125,317,39.43
OL129DP,93,236,39.41
E62BH,7526,19115,39.37
SO155PQ,8866,22566,39.29
L114SH,6435,16424,39.18
CH498EQ,2565,6546,39.18
PR268LW,126,322,39.13
TF75QZ,3228,8397,38.44
LE30BD,3519,9190,38.29
E173AG,1244,3320,37.47
BD74PY,4180,11160,37.46
RM77HL,6139,16395,37.44
TQ126DW,188,503,37.38
ST148XR,87,233,37.34
B421TG,3876,10432,37.15
L203EF,7439,20160,36.9
E201BX,2570,7111,36.14
S22BR,3010,8535,35.27
MK401NN,3457,9938,34.79
LS167NR,1013,2931,34.56
DE236WD,10352,29960,34.55
DT51EQ,116,337,34.42
IG11AR,8185,23809,34.38
TW50AA,1422,4141,34.34
GU249EX,70,204,34.31
LE17BA,3963,11553,34.3
CA287UJ,389,1142,34.06
SY79QJ,75,221,33.94
E12JT,808,2425,33.32
EX44EX,64,193,33.16
SP70AH,45,136,33.09
SE108NB,4173,12701,32.86
NE81EE,694,2114,32.83
NR23TU,2067,6355,32.53
WV107PU,40,123,32.52
SE166HZ,1193,3668,32.52
SK97UD,50,154,32.47
NE391HX,2801,8632,32.45
FY53NG,1551,4792,32.37
HU36NS,1873,5792,32.34
RM107YX,4521,14223,31.79
PE37PD,193,613,31.48
CV21NB,1293,4117,31.41
HA96AH,405,1293,31.32
N168EL,1655,5293,31.27
W91QJ,382,1244,30.71
PO326RD,4418,14415,30.65
LS277WF,258,842,30.64
SE265HF,1942,6367,30.5
OX251PZ,68,223,30.49
SL21JF,1293,4243,30.47
DE655DN,57,188,30.32
SS141TS,2292,7567,30.29
NE156TB,1847,6101,30.27
UB11RQ,8837,29292,30.17
BS231PG,560,1865,30.03
NN172UR,3746,12620,29.68
N154JR,1982,6710,29.54
B111UH,1112,3772,29.48
SW166QT,183,624,29.33
HP24AG,1263,4335,29.13
PR71PL,3684,12718,28.97
GL522LZ,645,2239,28.81
NR65HQ,337,1172,28.75
TS160BU,317,1106,28.66
ME13QS,105,368,28.53
PL14JZ,148,523,28.3
BS66SA,2566,9113,28.16
TR37QW,664,2377,27.93
BS376EE,2593,9364,27.69
WF20NL,537,1942,27.65
NR146QH,802,2903,27.63
OL127NH,1259,4585,27.46
DA76HJ,749,2785,26.89
W23BP,1712,6376,26.85
BN33DX,360,1345,26.77
WD180PD,1289,4851,26.57
N42AA,279,1052,26.52
ME124AA,94,356,26.4
NG139FQ,96,366,26.23
MK22EH,1077,4120,26.14
PO14ND,4999,19285,25.92
TS101BD,182,704,25.85
TN231JJ,234,907,25.8
FY69AG,244,947,25.77
W21ES,1799,7039,25.56
SR81BT,2040,7993,25.52
CR01EW,2783,10970,25.37
L43RL,2245,8874,25.3
LU12AL,1420,5628,25.23
WF128DJ,2030,8099,25.06
DA175QQ,1093,4363,25.05
IG110LG,990,3959,25.01
B377TP,3679,14753,24.94
CH449DQ,67,269,24.91
GU147SB,3070,12379,24.8
LS251AA,5206,21032,24.75
B911AA,1850,7572,24.43
IG117RL,4325,17776,24.33
DL167LD,164,680,24.12
LS85DH,2683,11130,24.11
ME141UZ,161,669,24.07
WA101SN,924,3855,23.97
BR52RG,960,4010,23.94
PE220QX,57,239,23.85
TF43AL,481,2018,23.84
WA44RL,129,543,23.76
PR29QB,561,2362,23.75
N80JG,933,3928,23.75
SW59RL,235,993,23.67
KT25QY,490,2075,23.61
S62SA,1220,5169,23.6
BB51EH,317,1343,23.6
NG210JP,2041,8683,23.51
HR12ES,1382,5896,23.44
SE83PR,1451,6195,23.42
M278FB,175,748,23.4
EX70NH,1099,4724,23.26
CM95BS,1243,5373,23.13
RG226ER,7803,33926,23.0
SM51AG,3186,13871,22.97
W93EF,540,2369,22.79
WS86EQ,795,3521,22.58
DN311EY,6245,27657,22.58
CO45EG,1714,7599,22.56
HA37BA,1984,8810,22.52
DT65DU,432,1919,22.51
PE280SR,86,384,22.4
SE58QU,2327,10401,22.37
EN54BW,442,1984,22.28
YO126UA,204,916,22.27
NG147DA,91,409,22.25
SE129PP,1392,6259,22.24
LS146HT,2295,10332,22.21
S71FD,1574,7093,22.19
NW23JR,582,2627,22.15
DL170HF,104,470,22.13
W130SY,1083,4898,22.11
EC1V9DS,644,2915,22.09
BN14GB,526,2386,22.05
N156SB,815,3698,22.04
M72JB,2090,9489,22.03
MK23HN,345,1571,21.96
SM60HW,673,3068,21.94
PR99SD,1180,5379,21.94
SS142EZ,1667,7605,21.92
CW84AN,1104,5057,21.83
SL11EQ,4331,19845,21.82
CO12PJ,1209,5553,21.77
SE29BH,948,4358,21.75
E81EP,1237,5704,21.69
DH63NT,1606,7415,21.66
SM25PJ,49,227,21.59
RM204AR,801,3718,21.54
SE280FJ,142,660,21.52
SM44DX,614,2870,21.39
B112HR,519,2428,21.38
WD61AT,1380,6480,21.3
NE109ND,2189,10317,21.22
BR28AR,1450,6872,21.1
NE18DQ,1436,6823,21.05
SK116XN,3538,16854,20.99
NW67JG,152,724,20.99
B192ER,649,3108,20.88
TN393JD,36,173,20.81
SE233HN,2606,12544,20.77
LE112AG,2103,10124,20.77
HA29LW,1001,4827,20.74
N128PR,1698,8190,20.73
BN19RW,93,450,20.67
W112SE,1090,5283,20.63
W1H4JL,497,2412,20.61
W127DA,863,4190,20.6
SW61NW,5687,27720,20.52
B680DY,134,653,20.52
YO71DA,2121,10377,20.44
PL34DA,1713,8382,20.44
RM94TP,1759,8613,20.42
EX388EU,183,898,20.38
CT12NA,939,4608,20.38
BD89EH,1234,6064,20.35
TW46LE,639,3151,20.28
HD61JL,544,2686,20.25
OL161PZ,2583,12779,20.21
L392AZ,2466,12205,20.2
E20AN,600,2976,20.16
TD152EQ,859,4262,20.15
NR256QA,311,1548,20.09
NE17PG,1099,5474,20.08
NE661PR,1427,7115,20.06
YO613JB,318,1587,20.04
SN15JE,1171,5850,20.02
CH619NG,1004,5015,20.02
M609AH,106,531,19.96
SE256XP,1203,6041,19.91
E179BD,1694,8527,19.87
YO164EL,695,3499,19.86
LS96NQ,434,2186,19.85
SW61NP,227,1146,19.81
CH410DA,2699,13644,19.78
B191SU,862,4367,19.74
LE184WS,71,360,19.72
BN14EP,2103,10687,19.68
OL13SL,1607,8170,19.67
EN40AX,1622,8245,19.67
SW83RE,178,907,19.63
UB11RT,334,1707,19.57
NE165LR,1441,7367,19.56
S94LP,3791,19404,19.54
PR268NE,62,319,19.44
TF93AL,107,551,19.42
M308DH,1464,7556,19.38
NE646PF,2282,11787,19.36
LS102AR,2312,11951,19.35
CR02RL,1440,7447,19.34
PR21HR,40,207,19.32
M221UB,1176,6099,19.28
B797JS,3039,15769,19.27
PL144BH,797,4150,19.2
DL128EJ,1648,8583,19.2
W105NE,1438,7502,19.17
TW74QG,519,2707,19.17
NE52LH,1953,10186,19.17
N136JP,558,2918,19.12
BH25RY,1729,9045,19.12
LA11UU,3154,16549,19.06
TW34DH,1340,7034,19.05
NW96HS,763,4006,19.05
N111AT,822,4318,19.04
E177DB,1815,9532,19.04
PR15AF,278,1461,19.03
CH468TR,1031,5422,19.02
S751AA,1637,8616,19.0
WS31BZ,791,4167,18.98
S701TS,949,5005,18.96
SL22DG,680,3590,18.94
TN48DG,393,2076,18.93
DA146HH,720,3812,18.89
E11JE,1252,6630,18.88
CV13FE,27,143,18.88
DH90JE,2919,15484,18.85
L374AB,1573,8358,18.82
HA85JY,1066,5665,18.82
DT93JF,1382,7349,18.81
TR36DP,1217,6476,18.79
NE137DS,177,942,18.79
TS69EP,2095,11158,18.78
DH64AA,1342,7145,18.78
TR274DX,1188,6329,18.77
N155AG,632,3367,18.77
KT13PD,390,2080,18.75
SR79AA,967,5175,18.69
EX166RR,1809,9688,18.67
SR77SP,1110,5947,18.66
W149NL,1506,8075,18.65
RM142TR,1099,5899,18.63
E107EA,976,5244,18.61
B321DJ,444,2386,18.61
CV64FE,343,1849,18.55
NW17JL,938,5058,18.54
CA11NL,1251,6749,18.54
DT117EX,908,4906,18.51
BH107AR,289,1561,18.51
CH657AG,1941,10493,18.5
NW15PN,1299,7027,18.49
S21RA,1403,7592,18.48
PE191BG,1133,6140,18.45
SR11QH,762,4134,18.43
EX391AZ,1652,8963,18.43
HA26ED,1742,9458,18.42
BD233RS,940,5102,18.42
YO625EZ,934,5073,18.41
CM20JG,3661,19883,18.41
M201BE,594,3236,18.36
BN238BR,1819,9908,18.36
HU179HZ,950,5176,18.35
CT139BB,892,4860,18.35
DN75AA,390,2126,18.34
E97LJ,192,1049,18.3
M191WA,854,4693,18.2
TQ27AG,256,1407,18.19
CM11SY,3053,16808,18.16
TN91DB,242,1333,18.15
NE77XS,1013,5588,18.13
N165TR,1107,6106,18.13
TR183PE,115,635,18.11
N76JD,417,2302,18.11
CR02JH,678,3746,18.1
B276DN,1230,6798,18.09
DE554LP,2116,11709,18.07
SR53PZ,133,739,18.0
CV312NF,671,3730,17.99
SE207JA,902,5019,17.97
B903LU,294,1641,17.92
N213PA,1967,10980,17.91
YO433AG,1775,9917,17.9
SW139DW,1093,6105,17.9
HP112AG,2074,11594,17.89
S749AU,2317,12968,17.87
E130RQ,471,2636,17.87
TQ58DA,414,2320,17.84
NR324PH,4539,25466,17.82
N78TT,103,579,17.79
TR152QB,404,2274,17.77
SL25JP,1439,8123,17.72
SW165TD,376,2123,17.71
BN34AA,384,2169,17.7
W111HA,267,1509,17.69
NW35EG,478,2702,17.69
SE83BN,629,3560,17.67
WA67EB,1304,7385,17.66
M24AF,136,771,17.64
OX37RD,906,5142,17.62
NW52HR,472,2679,17.62
LE651EL,796,4518,17.62
KT65NF,618,3509,17.61
CA13UD,1373,7797,17.61
SW67SR,528,3001,17.59
SO197RD,1745,9932,17.57
EX226BB,849,4848,17.51
WA60AW,1752,10012,17.5
TW148DF,818,4686,17.46
LE157RD,65,373,17.43
NE288HG,1149,6596,17.42
SO239EH,1480,8510,17.39
PE127DN,617,3550,17.38
PL220EN,626,3606,17.36
NR50RS,1792,10320,17.36
L58XR,325,1880,17.29
DH85HU,794,4596,17.28
N77PX,2551,14790,17.25
HA03HF,610,3537,17.25
CH441BA,2189,12708,17.23
UB11SQ,5790,33698,17.18
L343LD,1614,9392,17.18
EN35JL,2848,16588,17.17
BB80NQ,1788,10426,17.15
WA86JT,3418,19957,17.13
W128HD,912,5324,17.13
HA12RX,548,3206,17.09
YO256BQ,2025,11872,17.06
NN15BA,1595,9360,17.04
L192LY,1651,9694,17.03
PR97PW,805,4733,17.01
MK401RN,1142,6729,16.97
DL37LX,1050,6196,16.95
WA129SH,2690,15884,16.94
N43EN,168,992,16.94
BL98JR,1622,9574,16.94
SE14TL,559,3306,16.91
RM108AP,942,5578,16.89
SS75LD,3882,23005,16.87
W67JP,248,1471,16.86
PR21HQ,1923,11409,16.86
DY48HB,950,5634,16.86
CT195NJ,1578,9360,16.86
LS99JD,920,5465,16.83
SW1V3HD,916,5445,16.82
HA62YP,571,3397,16.81
BN34EB,474,2820,16.81
SW61NN,1056,6290,16.79
RG28HA,763,4544,16.79
NW88EU,560,3338,16.78
E149DH,257,1533,16.76
SW164DP,403,2406,16.75
N167HU,1202,7199,16.7
S613JN,2797,16772,16.68
DN123DB,1742,10465,16.65
L215HE,1315,7905,16.64
BD146RH,1237,7439,16.63
E105AB,833,5011,16.62
BH26NG,1761,10597,16.62
NW109EP,1347,8113,16.6
L140NL,1065,6415,16.6
CA143DZ,819,4948,16.55
PR83HS,398,2406,16.54
GL510LG,128,776,16.49
LS167SR,1752,10639,16.47
SS54EZ,1237,7521,16.45
BB48HH,3396,20658,16.44
KT205PU,1316,8035,16.38
S205AF,2212,13514,16.37
WD61BD,1266,7739,16.36
W86SU,205,1253,16.36
HA39RT,1742,10678,16.31
HX11UX,4946,30437,16.25
SY95BN,639,3934,16.24
TS60NQ,3172,19546,16.23
SE207HB,525,3237,16.22
M246DL,3826,23585,16.22
SW163PE,1509,9309,16.21
PO12QG,625,3861,16.19
WA91PB,427,2640,16.17
N51SH,130,804,16.17
BN211BA,1049,6486,16.17
RG315DG,699,4327,16.15
SE61AG,657,4070,16.14
PE252AG,1233,7638,16.14
S61LA,1447,8972,16.13
SW50PT,821,5094,16.12
EC2A3BS,838,5202,16.11
E106AP,440,2732,16.11
WA11JA,2388,14843,16.09
SM27AF,319,1982,16.09
WA101RX,872,5428,16.06
N10SQ,355,2210,16.06
UB96BU,819,5104,16.05
NE32RJ,438,2730,16.04
HP180TL,55,343,16.03
SL13EG,884,5519,16.02
EX328PB,1622,10123,16.02
SW147JU,105,656,16.01
DA11YD,289,1805,16.01
W113JE,119,745,15.97
NG81HQ,658,4121,15.97
NE323JA,1908,11946,15.97
HX12QW,1960,12276,15.97
TS55PH,3677,23118,15.91
NW18NX,819,5150,15.9
CH445TL,210,1323,15.87
E17NE,401,2528,15.86
DE130AT,494,3115,15.86
TS66UX,3716,23468,15.83
BS139RG,1492,9428,15.83
CO101HW,1353,8566,15.8
W73PX,1525,9683,15.75
PL312QT,92,584,15.75
RM125LH,2447,15549,15.74
W23RL,85,541,15.71
SW59QQ,532,3389,15.7
CA287QF,1170,7451,15.7
NR323AZ,1473,9390,15.69
L127JG,681,4340,15.69
SW162SZ,468,2985,15.68
NW108SY,770,4911,15.68
NE650LE,1614,10294,15.68
TW77AA,882,5640,15.64
B83JA,570,3646,15.63
SE42EY,416,2664,15.62
RM66RL,2218,14221,15.6
GU350AX,592,3795,15.6
B95QJ,334,2141,15.6
NG250AL,149,956,15.59
SN12DQ,45,289,15.57
N11QN,3751,24094,15.57
LE113TT,795,5106,15.57
SW115TQ,998,6417,15.55
SK27DD,1885,12126,15.55
WF118EB,2692,17328,15.54
TS251RR,1985,12770,15.54
DL149HW,1984,12769,15.54
OX165QB,1444,9300,15.53
E63BA,228,1470,15.51
NN160BE,258,1665,15.5
WA75RL,1463,9444,15.49
M80AB,1382,8923,15.49
L369XB,1826,11787,15.49
PO317ER,107,691,15.48
OL68NX,1804,11651,15.48
L269UH,146,943,15.48
TS199JW,1187,7678,15.46
HA98EL,575,3720,15.46
HP112QL,1253,8114,15.44
CO153AW,230,1493,15.41
B192TZ,727,4718,15.41
OL139NR,758,4940,15.34
DH15EJ,1325,8640,15.34
NE48DP,1855,12111,15.32
CV25HB,3988,26048,15.31
SO199UL,1919,12539,15.3
SE93TE,1175,7682,15.3
CO153BW,2143,14003,15.3
TS197PP,1332,8722,15.27
PO160ET,2128,13949,15.26
CM20JY,1232,8071,15.26
NG75JE,735,4819,15.25
LS81NU,1020,6699,15.23
B129QP,436,2862,15.23
NW96NB,491,3225,15.22
M84QS,311,2044,15.22
SE183SH,1393,9157,15.21
M229TD,3063,20137,15.21
NE61SD,2394,15772,15.18
NW67QE,529,3487,15.17
N89BJ,298,1965,15.17
N225NN,394,2598,15.17
W54QR,654,4316,15.15
W36LJ,519,3433,15.12
W53UL,575,3806,15.11
CT79RE,1376,9108,15.11
LS29HB,745,4934,15.1
SW71NA,1832,12141,15.09
RG121FA,3213,21314,15.07
HA89BP,911,6052,15.05
BD95BU,983,6531,15.05
L250LQ,401,2667,15.04
UB67DH,676,4497,15.03
E61AB,66,439,15.03
E12AH,325,2163,15.03
DH21NP,732,4870,15.03
WD194JP,800,5326,15.02
SW1V1QT,153,1019,15.01
L363YE,291,1939,15.01
CR06BB,237,1579,15.01
W84SG,968,6455,15.0
L130AB,1992,13278,15.0
SW161QB,876,5845,14.99
DA68BW,2931,19556,14.99
NR180RF,2412,16107,14.97
N181ND,620,4148,14.95
CR08BE,1249,8367,14.93
NE119SJ,990,6636,14.92
L92BL,783,5252,14.91
B82HF,2481,16654,14.9
EN34DZ,1545,10377,14.89
E84RP,699,4696,14.89
NE108XQ,2607,17515,14.88
NE81LU,1737,11678,14.87
HX29HD,1487,10001,14.87
WA101HQ,1170,7881,14.85
SK85DB,1153,7769,14.84
W36LY,266,1794,14.83
BS50PG,772,5204,14.83
NG138AG,151,1019,14.82
BH154AX,1078,7281,14.81
SW67EN,59,399,14.79
NW103JL,411,2779,14.79
EN40DW,1088,7358,14.79
SE254BJ,820,5549,14.78
HA96DG,1177,7962,14.78
B83NU,1113,7530,14.78
WR40DZ,412,2792,14.76
WR118TZ,67,454,14.76
E112AQ,1998,13540,14.76
SE193LQ,1031,6994,14.74
RM109PT,1004,6813,14.74
N41EU,121,821,14.74
LE30BH,477,3236,14.74
HP24XH,693,4700,14.74
BB12AE,1833,12445,14.73
E32RN,656,4459,14.71
WA129QB,1500,10205,14.7
UB33EF,575,3913,14.69
M193DL,433,2947,14.69
W24DB,314,2139,14.68
UB56BW,575,3918,14.68
TS96BW,875,5960,14.68
MK181NS,1735,11817,14.68
S336RG,1124,7664,14.67
SE114PP,692,4719,14.66
BN251UE,599,4090,14.65
OL11TE,352,2404,14.64
SS155HG,1613,11027,14.63
W1K5QL,338,2312,14.62
SK224BP,428,2931,14.6
DY47AR,801,5488,14.6
NN81LT,1369,9382,14.59
B689NB,424,2908,14.58
OX30BP,2127,14610,14.56
TW74EJ,932,6414,14.53
SL21HA,965,6640,14.53
SW99SU,1045,7197,14.52
KT152GL,287,1977,14.52
TR182LG,518,3570,14.51
M314FY,1357,9351,14.51
NG32FW,913,6296,14.5
B94QA,1051,7254,14.49
UB55AE,1322,9142,14.46
N226BH,278,1924,14.45
ME121UN,1961,13570,14.45
DA110EF,704,4875,14.44
KT92AE,1266,8775,14.43
E28AL,781,5413,14.43
GL13HF,3066,21258,14.42
WD61QJ,792,5495,14.41
NE34AA,1598,11091,14.41
HR68NY,758,5261,14.41
RM164BJ,650,4518,14.39
NG316TS,247,1720,14.36
SE186EA,713,4967,14.35
YO256AP,758,5287,14.34
M437AD,2569,17909,14.34
NR302QP,1499,10459,14.33
M98WQ,676,4717,14.33
SW161DR,695,4852,14.32
BB30AA,1765,12323,14.32
SN47AA,77,538,14.31
BA160EW,289,2020,14.31
SW47DE,861,6027,14.29
CV24ED,1710,11963,14.29
W106HA,873,6112,14.28
SW114PR,1328,9308,14.27
SW21NR,992,6957,14.26
HD16JE,641,4494,14.26
WA103HG,959,6729,14.25
SW191AW,464,3260,14.23
NE245EZ,3065,21534,14.23
KT33PB,719,5055,14.22
WF160JU,263,1852,14.2
NE32DQ,760,5353,14.2
BR60LZ,599,4218,14.2
TN380TU,1459,10279,14.19
SO199GH,1342,9457,14.19
SE62NZ,3086,21742,14.19
SE266DP,934,6582,14.19
CH633EB,2739,19296,14.19
OL79AW,925,6523,14.18
DL167SE,642,4529,14.18
BL90DZ,1201,8471,14.18
DT51LR,254,1793,14.17
ME11EY,494,3489,14.16
PL48HB,1084,7661,14.15
N70RN,1901,13431,14.15
IG62AZ,319,2255,14.15
NR289AT,95,672,14.14
B664JX,767,5425,14.14
HR95HB,323,2286,14.13
YO149AH,493,3491,14.12
UB54NN,546,3869,14.11
ST174BP,183,1297,14.11
SM46JH,824,5840,14.11
SE186HZ,1166,8263,14.11
CR06AB,265,1881,14.09
BA149AA,610,4330,14.09
E112PU,222,1578,14.07
CH416AZ,540,3838,14.07
ST174AA,1498,10652,14.06
HD89AE,386,2748,14.05
B168XP,2020,14404,14.02
S459PG,1150,8223,13.99
WA93JN,437,3125,13.98
NE461BA,348,2490,13.98
CH424NG,246,1762,13.96
M460AU,516,3700,13.95
TN120BL,378,2711,13.94
CR42PF,542,3888,13.94
WA86GD,884,6347,13.93
M27HA,1662,11927,13.93
M145AT,951,6828,13.93
YO626AD,933,6701,13.92
WN68HA,759,5455,13.91
HA02LP,599,4306,13.91
FY13EJ,5271,37889,13.91
B219QG,599,4305,13.91
GU323JL,427,3073,13.9
WV60BN,273,1966,13.89
W93JE,589,4248,13.87
M94LY,934,6735,13.87
M188LY,734,5292,13.87
B237PF,948,6835,13.87
NN168XG,2277,16440,13.85
GU299NX,528,3819,13.83
CV67HB,978,7073,13.83
CH428NA,1754,12682,13.83
BL33AT,425,3072,13.83
CM82AB,2963,21444,13.82
NE225TZ,1210,8764,13.81
CO130AR,585,4237,13.81
NR302JN,1509,10933,13.8
HA88LX,987,7153,13.8
CR77NA,198,1435,13.8
CH628AD,1767,12818,13.79
UB69QD,309,2242,13.78
TR50TX,1101,7989,13.78
DA125SG,642,4658,13.78
B219BN,484,3513,13.78
NE638NQ,1028,7473,13.76
NR70UD,3969,28873,13.75
HD93JA,1699,12366,13.74
BN12PE,428,3115,13.74
BN108LT,53,386,13.73
AL14JE,1250,9102,13.73
S72BG,730,5320,13.72
EX388DY,925,6743,13.72
SE172TE,1466,10691,13.71
M192HR,2133,15560,13.71
YO84QA,250,1825,13.7
NE611QF,522,3810,13.7
WC2H0LA,26,190,13.68
TR151JU,662,4840,13.68
CA139PH,150,1097,13.67
TW26JL,1156,8472,13.64
HP124JN,1230,9021,13.63
ME87HB,497,3653,13.61
IG11BE,1270,9334,13.61
YO127HT,965,7096,13.6
SE279BU,1441,10594,13.6
W73DB,1200,8833,13.59
SW170TD,242,1781,13.59
BS11YA,987,7261,13.59
B708ET,1488,10952,13.59
CH36BS,941,6927,13.58
TW107NF,638,4700,13.57
SE77EY,753,5551,13.57
BN72LN,981,7232,13.56
RH185DW,594,4384,13.55
IG62JX,400,2953,13.55
S252EX,2075,15341,13.53
N80PH,163,1206,13.52
ME44RH,1231,9102,13.52
L353SX,226,1671,13.52
BH37AN,1886,13947,13.52
DY81EJ,57,422,13.51
B187BA,443,3279,13.51
W36NP,822,6090,13.5
SE93BB,579,4292,13.49
GU113HU,979,7255,13.49
B219HF,606,4494,13.48
WD31AN,384,2850,13.47
M97ED,464,3446,13.46
GL40QJ,616,4575,13.46
CT51DG,1639,12181,13.46
SM14BW,511,3799,13.45
OX38DJ,131,975,13.44
NE312UL,1055,7851,13.44
N70BT,1669,12422,13.44
M333AB,1652,12296,13.44
SL64DT,964,7184,13.42
S402EN,790,5885,13.42
N14NB,696,5186,13.42
DY48SW,558,4158,13.42
SW1V1DE,55,410,13.41
SE232LR,1155,8613,13.41
IG38JB,631,4708,13.4
DL37AJ,1189,8873,13.4
DL54UE,454,3393,13.38
CR76AR,418,3125,13.38
BS162HH,1814,13558,13.38
TA63PN,300,2244,13.37
DL178LG,148,1108,13.36
CV63EX,864,6470,13.35
BH63QN,1807,13532,13.35
TW184ND,725,5433,13.34
WV23DN,2234,16764,13.33
TW31NP,861,6459,13.33
LE31AL,295,2215,13.32
E96QT,895,6721,13.32
CH642TN,532,3994,13.32
B975JB,382,2868,13.32
N41LA,250,1880,13.3
E147PQ,378,2843,13.3
TS296JH,218,1644,13.26
SP97NN,454,3423,13.26
CH643RP,690,5208,13.25
B191JD,758,5722,13.25
SR11NF,848,6403,13.24
HP13RE,642,4849,13.24
OX27JF,1221,9230,13.23
KT185BH,1085,8198,13.23
IG118EN,1393,10544,13.21
N65AX,167,1265,13.2
E20QY,540,4091,13.2
PR252LR,3722,28221,13.19
BR40JZ,2042,15487,13.19
B930QA,1069,8103,13.19
HD22TW,382,2899,13.18
CH11HB,1327,10065,13.18
M124JJ,1352,10265,13.17
LE27QT,1043,7918,13.17
MK451DX,1433,10890,13.16
M224GA,689,5239,13.15
BN35QJ,970,7374,13.15
SE182RU,605,4605,13.14
SN254YZ,3679,28024,13.13
BB17BL,1488,11331,13.13
NR11LG,723,5509,13.12
SW113AG,187,1428,13.1
PR84PL,885,6758,13.1
NE34LE,342,2612,13.09
TQ13YA,4482,34271,13.08
TA117ND,632,4832,13.08
SE167AJ,1141,8724,13.08
SW66BS,509,3893,13.07
L317BN,1122,8586,13.07
SE254SL,1869,14317,13.05
E34JJ,558,4277,13.05
TW152TY,2235,17138,13.04
SY45ER,168,1288,13.04
SW184ST,568,4357,13.04
S602DJ,1362,10447,13.04
OX118DP,2224,17060,13.04
FY14EZ,882,6764,13.04
E47BA,214,1641,13.04
CR28JJ,706,5414,13.04
BN84HD,571,4378,13.04
W37TZ,332,2548,13.03
SW151RG,843,6470,13.03
NW26JH,724,5557,13.03
W52RP,1693,12999,13.02
SK143QJ,821,6306,13.02
RM139AB,1443,11086,13.02
ME71BL,1527,11738,13.01
SW161UN,470,3614,13.0
SL50EP,712,5476,13.0
LS31AD,707,5437,13.0
IG80HL,1202,9249,13.0
N135LD,720,5542,12.99
IG11YN,380,2926,12.99
W45UH,678,5222,12.98
NN95GF,1096,8443,12.98
HX11DJ,1427,10996,12.98
LS99ED,884,6818,12.97
L45PH,1179,9088,12.97
SM52RE,299,2307,12.96
NE639AE,1582,12211,12.96
UB69QN,784,6055,12.95
S23DU,1314,10150,12.95
IP20QY,496,3829,12.95
OL114PZ,2626,20292,12.94
M71US,1358,10491,12.94
RG17AQ,154,1191,12.93
BS375UY,1137,8794,12.93
NR294EW,947,7327,12.92
M65EQ,2769,21436,12.92
GU111JR,3456,26749,12.92
ME11EU,978,7580,12.9
LS197PS,276,2139,12.9
LU33FH,479,3716,12.89
HA20AJ,313,2428,12.89
TW88DL,1206,9366,12.88
HA48BE,754,5856,12.88
CH658AD,1444,11221,12.87
WS152BZ,333,2589,12.86
SR69QS,977,7600,12.86
PR11LB,859,6678,12.86
BB97NT,298,2317,12.86
N14QY,1221,9501,12.85
CB99DZ,1039,8084,12.85
PO88DL,904,7038,12.84
NR50AB,1756,13676,12.84
L118NB,1501,11702,12.83
WN49AX,1549,12081,12.82
L164PB,1860,14505,12.82
HA61QN,617,4815,12.81
SW90JD,1116,8725,12.79
NE372BA,1611,12594,12.79
HP79PH,827,6468,12.79
LE156AY,1574,12324,12.77
WV140BJ,910,7134,12.76
SE155EG,561,4395,12.76
HP51DE,947,7421,12.76
SW33NB,391,3067,12.75
SE186QW,753,5908,12.75
FY67SR,2746,21542,12.75
BN435DQ,39,306,12.75
W51RT,99,777,12.74
SW115QW,764,5995,12.74
KT12BZ,1906,14955,12.74
W71DR,387,3039,12.73
M147BZ,590,4634,12.73
B128LH,884,6957,12.71
W128QQ,553,4353,12.7
GU218TE,911,7175,12.7
ME50TX,367,2893,12.69
WF13AZ,1657,13065,12.68
SW113UY,337,2657,12.68
WV46RA,974,7690,12.67
PE217BX,2472,19513,12.67
N226BB,1195,9432,12.67
HG27DB,2296,18123,12.67
SN127NS,640,5059,12.65
OL84SR,1537,12146,12.65
LE112EN,2954,23352,12.65
M192TG,473,3743,12.64
LE77PA,547,4328,12.64
W21DW,188,1488,12.63
SW1P2AH,1204,9531,12.63
NG75DR,4526,35826,12.63
EX348JJ,1209,9571,12.63
NW98LU,449,3559,12.62
NE52BP,1265,10022,12.62
ME102AR,1107,8774,12.62
LU48BP,510,4042,12.62
HA02RH,210,1664,12.62
OX43LR,367,2912,12.6
RH118JF,1518,12059,12.59
NE53DS,1128,8956,12.59
DA175QH,326,2590,12.59
B903BW,1280,10166,12.59
NR279HZ,594,4721,12.58
CA117DE,836,6644,12.58
SY113JP,878,6983,12.57
SW155QJ,191,1520,12.57
BL33PZ,1015,8072,12.57
IG118AA,607,4833,12.56
E143BQ,452,3598,12.56
TW31NH,1363,10857,12.55
M389WT,508,4049,12.55
SE85DJ,451,3596,12.54
PO29JE,1415,11288,12.54
E50RN,118,941,12.54
CM95QX,787,6275,12.54
DY117BQ,1924,15355,12.53
W69PH,192,1534,12.52
N31QG,419,3348,12.51
GU215TX,383,3061,12.51
B191LL,1963,15687,12.51
KT91EW,330,2639,12.5
IG12RR,1330,10644,12.5
GU237LJ,15,120,12.5
M456TB,1181,9452,12.49
IG26XA,492,3946,12.47
S714BY,672,5395,12.46
NW44NL,354,2842,12.46
SE16SW,1284,10315,12.45
RG91UR,1020,8193,12.45
PR23QA,296,2378,12.45
HA01EU,261,2096,12.45
CW27HT,2467,19812,12.45
NR180AR,433,3481,12.44
M210BQ,2020,16244,12.44
OL145AA,1157,9318,12.42
BN149RY,1375,11069,12.42
PR83LH,542,4367,12.41
M27HQ,613,4938,12.41
WF177QF,1096,8840,12.4
SE42AQ,2409,19434,12.4
RG147LX,2707,21839,12.4
EN48RN,1328,10708,12.4
NE297LS,2411,19476,12.38
CR42AD,899,7262,12.38
WS29BP,736,5949,12.37
RG92BG,922,7455,12.37
NR47TJ,445,3599,12.36
W53AQ,235,1903,12.35
TN401JP,327,2647,12.35
SE208EF,639,5172,12.35
SW1V2LY,605,4901,12.34
SE11JH,1414,11460,12.34
PL231DF,512,4150,12.34
CH428PG,888,7196,12.34
NR316NB,265,2149,12.33
NR219AG,1906,15452,12.33
FY41DW,592,4800,12.33
CM16TB,2174,17636,12.33
LE39PW,1266,10273,12.32
CM34NQ,1214,9863,12.31
WV106AN,336,2732,12.3
W39DD,806,6554,12.3
IG104NZ,519,4220,12.3
HR12DB,241,1959,12.3
CO59JT,670,5452,12.29
LS178RE,767,6245,12.28
BD87DH,1268,10323,12.28
L368BJ,576,4694,12.27
SK152DX,1644,13419,12.25
IG96AS,1306,10662,12.25
CR82LN,879,7176,12.25
CH490UG,729,5953,12.25
SL44DE,36,294,12.24
L46SH,614,5017,12.24
TS159PA,28,229,12.23
LE194LN,1237,10113,12.23
DA11HP,636,5202,12.23
SE64UE,264,2161,12.22
RG287HW,441,3608,12.22
NE164DT,1251,10247,12.21
E70EW,876,7172,12.21
BL96DX,1062,8698,12.21
TF107AX,256,2098,12.2
SL45DU,434,3560,12.19
RM176NX,912,7479,12.19
HX11UG,457,3748,12.19
L257RH,238,1954,12.18
E59BU,406,3332,12.18
CH637PJ,1502,12335,12.18
TS13AN,1028,8448,12.17
SE96SL,981,8064,12.17
NW36EH,381,3131,12.17
L253PG,889,7307,12.17
EN80BS,958,7873,12.17
BR54AR,640,5259,12.17
SK138HJ,877,7211,12.16
SM38ET,1138,9370,12.15
RG17NL,3834,31565,12.15
NW42HS,677,5573,12.15
CV311BA,1718,14136,12.15
LE26TD,877,7226,12.14
NE630HD,955,7870,12.13
B913SJ,1448,11936,12.13
E105NA,717,5917,12.12
WS13RF,1489,12307,12.1
EC1M7AA,254,2100,12.1
SW154LE,625,5168,12.09
NW65SB,330,2729,12.09
M320QJ,1014,8387,12.09
CR36JU,395,3267,12.09
CB90DA,2055,16999,12.09
WN88LA,1694,14020,12.08
M263QP,550,4553,12.08
OL11BE,554,4589,12.07
NG57EE,964,7988,12.07
HP135DL,744,6163,12.07
B138JS,318,2636,12.06
NW101AJ,436,3617,12.05
KT123NL,376,3121,12.05
SE229QQ,638,5298,12.04
LA94RF,1204,10007,12.03
B100DP,218,1812,12.03
SW98DJ,469,3901,12.02
N103SH,271,2255,12.02
MK454LL,797,6629,12.02
BR13NH,222,1847,12.02
L111EL,1705,14201,12.01
GL127EP,1699,14144,12.01
L128RE,561,4675,12.0
E78NW,513,4274,12.0
HU28HL,1307,10905,11.99
SO143BQ,318,2655,11.98
BS119LP,394,3289,11.98
WA27JN,930,7770,11.97
RH107QH,589,4921,11.97
NW102RY,37,309,11.97
CR69RH,1189,9936,11.97
DT93EH,1055,8824,11.96
RH108EZ,529,4428,11.95
OL97AP,1146,9601,11.94
NR191DR,387,3242,11.94
E82JS,462,3869,11.94
SM26BH,309,2590,11.93
RM83NT,283,2373,11.93
SE153LF,246,2064,11.92
CT52LX,1219,10226,11.92
B152QU,525,4410,11.9
YO84QB,1416,11906,11.89
HD12RD,1176,9889,11.89
EN87AP,1175,9883,11.89
HU13JF,1607,13525,11.88
DA161AX,877,7382,11.88
BH14EX,1018,8567,11.88
SL59NF,779,6565,11.87
B313JS,748,6308,11.86
SK56RN,682,5755,11.85
TN330EE,864,7295,11.84
OX41JS,584,4932,11.84
EN107NF,393,3320,11.84
CV23NE,903,7627,11.84
UB68QZ,589,4983,11.82
NE34NQ,433,3662,11.82
NE22AP,1159,9802,11.82
EN93BT,827,6995,11.82
CV91AU,2661,22509,11.82
YO224JQ,444,3763,11.8
W120AE,19,161,11.8
KT91JG,348,2950,11.8
CH485DA,600,5085,11.8
SR52HY,3227,27363,11.79
NE387EJ,1014,8599,11.79
N13PF,484,4110,11.78
CV77QG,81,688,11.77
W140SH,442,3759,11.76
SS87AX,1595,13558,11.76
SM68EP,800,6801,11.76
S59ND,506,4302,11.76
UB56LP,912,7759,11.75
TW197HS,798,6789,11.75
KT13RU,1313,11175,11.75
HA35JZ,538,4580,11.75
CA11EX,522,4444,11.75
B100UT,493,4197,11.75
NE287LP,799,6807,11.74
AL86NE,476,4054,11.74
SL45AZ,960,8184,11.73
SE64AF,956,8150,11.73
OL28NH,2621,22348,11.73
SE64SN,469,4001,11.72
MK430ST,34,290,11.72
DL94DH,1432,12218,11.72
CM144SD,789,6734,11.72
BA52LD,869,7415,11.72
B100UF,1748,14913,11.72
W129AH,67,572,11.71
S728SU,697,5953,11.71
RG421PB,1491,12732,11.71
N111AF,255,2178,11.71
IG117RS,264,2254,11.71
DN185PD,866,7396,11.71
W1G8GG,47,402,11.69
NE387NQ,986,8435,11.69
IG14JT,446,3815,11.69
CR07LG,231,1976,11.69
S91UF,715,6127,11.67
RM124TG,316,2708,11.67
L404BZ,1390,11909,11.67
B377AB,1014,8686,11.67
UB95JP,855,7334,11.66
SR48PY,295,2530,11.66
NE263SL,815,6987,11.66
BB98EH,866,7426,11.66
AL54EP,721,6186,11.66
TR112DA,1444,12400,11.65
TQ148BG,1093,9385,11.65
YO319HU,1757,15097,11.64
WN59AL,1008,8661,11.64
SL37RP,234,2010,11.64
IG14BH,400,3435,11.64
NW52AG,600,5163,11.62
M68QQ,794,6832,11.62
HA37AL,520,4476,11.62
CM27DW,1036,8912,11.62
DT65BJ,753,6483,11.61
NW64JD,713,6147,11.6
DN208ED,1190,10258,11.6
B339SD,246,2121,11.6
TW136HD,390,3366,11.59
M281HP,421,3632,11.59
CM158AG,2169,18713,11.59
W44PU,1275,11007,11.58
SK61DJ,1710,14763,11.58
N80RE,270,2332,11.58
M89JE,1213,10473,11.58
B461SR,810,6993,11.58
TS13QW,2203,19046,11.57
CM32EA,794,6860,11.57
B633AU,2536,21921,11.57
SR47EY,1029,8903,11.56
CO123TS,442,3823,11.56
NW64PL,639,5539,11.54
NE662GD,1109,9607,11.54
IP209ER,540,4681,11.54
LN119ET,1328,11522,11.53
IP92LL,405,3512,11.53
S354LQ,1281,11118,11.52
PR10DQ,1401,12165,11.52
WN25AW,1037,9013,11.51
SW170SN,783,6803,11.51
M347GR,889,7724,11.51
WS32DG,1117,9716,11.5
NE340AR,1210,10518,11.5
TN23AR,1302,11336,11.49
SE146QD,1451,12633,11.49
LN119BJ,94,818,11.49
L154LL,602,5241,11.49
M46EE,250,2177,11.48
HA04TH,815,7098,11.48
EN80HX,497,4328,11.48
DA121EN,587,5114,11.48
CH11RN,385,3354,11.48
WA29SF,495,4315,11.47
W148EZ,164,1430,11.47
WV149EP,602,5252,11.46
TN126DG,1516,13232,11.46
M65QQ,774,6765,11.44
OX100BW,1838,16088,11.42
L315LJ,688,6024,11.42
E154BZ,650,5690,11.42
B277UQ,129,1130,11.42
SL13NT,447,3918,11.41
CR01LB,310,2716,11.41
CH649UZ,1189,10419,11.41
BR33QL,486,4260,11.41
OX12LH,495,4343,11.4
NG24BU,321,2816,11.4
S119PF,982,8623,11.39
EN55UR,925,8121,11.39
WS136HL,561,4931,11.38
N89TJ,220,1933,11.38
HP201RP,2298,20188,11.38
BN23LD,499,4385,11.38
M201JP,1532,13469,11.37
N153PA,978,8611,11.36
ME145DY,632,5561,11.36
KT48BQ,172,1514,11.36
E174SA,664,5845,11.36
CT161BW,695,6118,11.36
UB24DD,714,6288,11.35
TN341QY,1335,11767,11.35
SK26QZ,222,1956,11.35
SG11DB,1454,12816,11.35
S138LU,1502,13233,11.35
M130XQ,387,3410,11.35
EN64HT,322,2838,11.35
E111DT,338,2979,11.35
B258AH,571,5030,11.35
AL54TA,57,502,11.35
N176SB,90,794,11.34
GU152EF,236,2081,11.34
LE131NW,1234,10890,11.33
SS38BA,543,4796,11.32
CT65DE,673,5947,11.32
WF175TD,1283,11345,11.31
BB95SN,596,5268,11.31
TW26JS,648,5732,11.3
SE151LA,552,4887,11.3
EX166NW,159,1407,11.3
CT88RF,679,6009,11.3
CR07RA,246,2177,11.3
CH23NJ,854,7557,11.3
TW33DB,505,4472,11.29
SE135BJ,1042,9240,11.28
LU61JJ,1194,10584,11.28
CH11PW,1107,9811,11.28
NW102SL,293,2599,11.27
EN48AE,829,7359,11.27
BA45BE,508,4509,11.27
SN101AT,1756,15590,11.26
NE65QX,1408,12501,11.26
DA52AL,58,515,11.26
BL90EG,442,3924,11.26
RM141AE,1266,11251,11.25
PR17BH,734,6523,11.25
M130QJ,904,8038,11.25
B192TJ,89,791,11.25
S58BE,944,8397,11.24
LE14SX,1190,10587,11.24
E48HH,449,3995,11.24
WR158AA,165,1469,11.23
UB67JZ,257,2289,11.23
DH97UQ,548,4878,11.23
SE164RT,1089,9702,11.22
NG16HW,777,6925,11.22
M192AQ,1454,12960,11.22
BL26PA,1676,14931,11.22
BB26BJ,946,8431,11.22
TF107AT,447,3989,11.21
M415BG,524,4676,11.21
CV130EU,472,4210,11.21
CO43JE,1332,11888,11.2
WF81JY,392,3502,11.19
TS268DD,1996,17844,11.19
SL17JD,1208,10799,11.19
PO305RS,33,295,11.19
M350AN,1309,11694,11.19
NR305AQ,1059,9469,11.18
B664AG,640,5730,11.17
SL67AR,1642,14711,11.16
RM124EQ,894,8018,11.15
TS122LF,568,5101,11.14
SL16JA,775,6958,11.14
HA02DW,1036,9302,11.14
BL53BX,1452,13032,11.14
OL41LR,1016,9130,11.13
DA11YW,669,6010,11.13
CV67BG,145,1303,11.13
BN13BA,713,6406,11.13
W38YF,155,1394,11.12
TN61DR,885,7961,11.12
S446PN,499,4490,11.11
NW10JH,761,6851,11.11
LA141DL,1472,13251,11.11
WV125NU,538,4845,11.1
SK116UT,936,8441,11.09
M329BP,1896,17099,11.09
CV31BN,443,3993,11.09
WV149BX,575,5189,11.08
SL57EN,352,3177,11.08
NE301PW,1846,16654,11.08
MK401DN,263,2374,11.08
RH101AH,967,8740,11.06
RG67HT,543,4911,11.06
HA48SL,853,7711,11.06
TN248JY,1850,16738,11.05
NG82DS,834,7546,11.05
LU33AD,1216,11012,11.04
LE32FP,463,4194,11.04
EX173DY,35,317,11.04
E113NW,566,5128,11.04
CH429PZ,967,8763,11.04
BS137RU,753,6820,11.04
OL97LS,592,5368,11.03
BB95JL,43,390,11.03
DA121DP,804,7294,11.02
BN245DZ,656,5952,11.02
BH11PF,729,6615,11.02
N226RX,316,2870,11.01
ME72YN,608,5522,11.01
DH59JB,614,5577,11.01
B645HJ,3212,29183,11.01
OL13TG,319,2901,11.0
CA174QT,170,1546,11.0
SN126ES,1213,11042,10.99
PE191AJ,1902,17304,10.99
SW191DG,1456,13265,10.98
DL61DY,1441,13126,10.98
M230DF,1605,14632,10.97
TN376PN,915,8346,10.96
SM46RT,458,4177,10.96
SE220RR,541,4937,10.96
CT28LF,1190,10866,10.95
BS14AZ,89,813,10.95
B389BL,380,3471,10.95
N209HS,538,4924,10.93
WR52DL,481,4404,10.92
WD180QL,1731,15847,10.92
W69PL,100,917,10.91
SS39DT,579,5309,10.91
WD64EB,775,7116,10.89
WA158DP,494,4538,10.89
SW161BJ,735,6749,10.89
E78LE,381,3498,10.89
DE222DJ,248,2277,10.89
CV12FL,664,6096,10.89
AL100LN,987,9063,10.89
MK178PL,313,2876,10.88
LU63BS,675,6202,10.88
KT171HF,254,2334,10.88
CH435RF,697,6404,10.88
CR00JG,1292,11887,10.87
BH124LX,1233,11339,10.87
B261BG,1856,17079,10.87
SS39HZ,457,4212,10.85
NE52RS,864,7963,10.85
LS122TJ,50,461,10.85
B296SS,233,2147,10.85
L242SF,448,4131,10.84
DL37BJ,299,2759,10.84
CV91AD,428,3948,10.84
B437NY,1761,16251,10.84
RM143BL,737,6808,10.83
LE41ET,873,8063,10.83
E61AD,851,7857,10.83
DE11LP,829,7654,10.83
BH204JS,749,6919,10.83
W104LD,235,2172,10.82
NW117RX,761,7035,10.82
MK125LW,1642,15180,10.82
ME71AY,334,3087,10.82
HA61ND,142,1312,10.82
BD71PX,272,2515,10.82
SN126LP,968,8956,10.81
LS132ET,1937,17926,10.81
L167PF,400,3699,10.81
HP112QR,891,8243,10.81
NW102PB,672,6220,10.8
EN65DB,426,3945,10.8
BB31ET,587,5436,10.8
HU13AB,786,7282,10.79
B659BA,2070,19193,10.79
B302JL,312,2891,10.79
SN81HQ,486,4509,10.78
RG127SJ,662,6142,10.78
HA51RH,249,2309,10.78
UB81AB,484,4492,10.77
E65LX,872,8095,10.77
DN357AB,862,8004,10.77
NE100RH,808,7508,10.76
L72PF,264,2453,10.76
HP202RR,483,4489,10.76
E14FG,474,4405,10.76
SE135LQ,1362,12678,10.74
HP199PT,454,4226,10.74
SK104BW,771,7186,10.73
HA35DL,328,3057,10.73
BR69JH,433,4037,10.73
E11HE,238,2221,10.72
BR60LF,258,2407,10.72
TW50DP,845,7887,10.71
SW153BD,39,364,10.71
N182TW,638,5955,10.71
L219JN,543,5072,10.71
WF132HQ,636,5942,10.7
L76HD,193,1804,10.7
E20HU,469,4383,10.7
CR77JL,972,9084,10.7
CH604RE,956,8931,10.7
CH492PW,787,7356,10.7
YO322HX,1685,15765,10.69
WS98LX,1126,10532,10.69
RH139HQ,692,6471,10.69
NW36SS,147,1375,10.69
HP30HP,417,3902,10.69
SK105EJ,535,5010,10.68
M168FB,832,7789,10.68
LN83BH,761,7131,10.67
WF94DP,4232,39693,10.66
RH29HU,1938,18172,10.66
NE51EH,1461,13702,10.66
LU11EW,124,1163,10.66
B296BD,610,5725,10.66
DA110AB,541,5080,10.65
B677JH,343,3220,10.65
WF169QS,1856,17440,10.64
PO20AS,704,6617,10.64
M53PH,162,1523,10.64
CH48BL,95,893,10.64
SG141DX,812,7642,10.63
SW185PB,277,2609,10.62
M410SS,1166,10980,10.62
TS101RS,629,5927,10.61
SL73AN,637,6002,10.61
OX183HN,562,5297,10.61
NW33JX,337,3176,10.61
M445AA,1039,9795,10.61
LN21JD,1299,12249,10.6
LA145SL,1405,13252,10.6
DY11JG,1002,9456,10.6
ST61NT,1557,14706,10.59
RG11DB,1257,11873,10.59
OX143JF,303,2862,10.59
EN87RU,504,4759,10.59
RG291NJ,1568,14818,10.58
NW95QF,670,6333,10.58
BH231LN,110,1040,10.58
SN11JS,1175,11112,10.57
SE94EA,503,4761,10.57
SE279BW,125,1183,10.57
NR32HD,929,8790,10.57
N101BS,275,2602,10.57
DY11QE,1218,11523,10.57
BN16SG,572,5409,10.57
SE129NG,362,3429,10.56
S701RY,495,4689,10.56
EX48EH,1543,14614,10.56
WS27JS,974,9233,10.55
SM67JB,737,6987,10.55
HP39LX,281,2664,10.55
HA80AS,479,4542,10.55
WD231GE,799,7581,10.54
TS80TJ,786,7454,10.54
N88JT,356,3377,10.54
GL11DH,2680,25435,10.54
B219SA,738,7002,10.54
NR316PF,535,5079,10.53
LU54BT,851,8084,10.53
E81HR,763,7248,10.53
N176QA,269,2556,10.52
M65PP,179,1702,10.52
M188HE,1159,11020,10.52
WV111TP,1083,10302,10.51
NG43AY,439,4175,10.51
EN107HX,576,5479,10.51
BS31HT,648,6163,10.51
B312QT,1287,12243,10.51
PE91UF,306,2913,10.5
KT152AR,519,4942,10.5
SK164JZ,400,3813,10.49
S63BZ,631,6014,10.49
MK22SA,1031,9826,10.49
DA51AP,644,6141,10.49
EN61BB,665,6351,10.47
B315ER,1136,10856,10.46
NE455DQ,484,4631,10.45
BL09HX,510,4882,10.45
WN58TQ,574,5496,10.44
SS13ES,162,1551,10.44
S703PW,1084,10394,10.43
EX173LF,656,6290,10.43
BS163PL,3457,33129,10.43
SM45PR,474,4548,10.42
SE128PU,181,1737,10.42
B95PA,502,4817,10.42
SS92SH,594,5704,10.41
PE37JB,273,2623,10.41
NR268LA,1104,10604,10.41
MK64AT,1289,12377,10.41
DH14SJ,475,4564,10.41
SK93HQ,979,9410,10.4
OL66HD,2556,24572,10.4
NR78AL,774,7440,10.4
LS165BG,564,5428,10.39
UB35DA,259,2494,10.38
TR152SX,212,2042,10.38
M337AD,1224,11794,10.38
HP270AT,973,9371,10.38
EX392ND,11,106,10.38
YO422QB,527,5081,10.37
TA229EN,933,8994,10.37
SL23PQ,924,8914,10.37
M33NW,277,2672,10.37
DE141JN,861,8302,10.37
WF132JH,738,7125,10.36
RG129QA,422,4075,10.36
CT92PA,2055,19837,10.36
CR06RG,279,2692,10.36
TS146AW,746,7211,10.35
ST136AF,1198,11574,10.35
OL158AU,456,4407,10.35
M160HU,439,4243,10.35
L300QG,1027,9926,10.35
CH35LB,2193,21191,10.35
TS146QD,441,4266,10.34
SG29RE,875,8464,10.34
M332UG,821,7937,10.34
TW31LR,380,3678,10.33
TW209QW,543,5254,10.33
SS09LG,3371,32625,10.33
BA28DJ,139,1345,10.33
IG88AS,442,4281,10.32
HU46SB,902,8742,10.32
CM61AE,984,9535,10.32
BN177JJ,404,3916,10.32
TF11EW,1173,11381,10.31
CW13AW,507,4916,10.31
BD58DN,848,8226,10.31
B57NX,1521,14749,10.31
RM30DP,589,5716,10.3
DA110PA,871,8455,10.3
CH430TY,988,9596,10.3
SK67AD,219,2129,10.29
S264WD,1252,12162,10.29
NW103EN,95,923,10.29
LA145QH,358,3479,10.29
NW53HG,429,4173,10.28
NE333PH,1013,9856,10.28
N226EB,397,3861,10.28
DA162DH,1133,11019,10.28
WF29BQ,1462,14237,10.27
LS158EU,2054,20009,10.27
DT11RR,447,4354,10.27
SL68AJ,503,4902,10.26
SE231BX,331,3227,10.26
NW12NT,276,2690,10.26
GL114AE,2246,21894,10.26
DY83PA,1292,12588,10.26
CB21QA,245,2388,10.26
SK101DQ,790,7711,10.25
N99DY,1521,14833,10.25
CW26JG,173,1688,10.25
CV212PS,837,8165,10.25
BR87AT,1036,10112,10.25
SE13GF,406,3964,10.24
EN91DL,520,5076,10.24
SW197BD,376,3677,10.23
OX136DN,1459,14266,10.23
OX118EL,203,1984,10.23
HP12AL,1260,12319,10.23
IP186AB,781,7639,10.22
BL90ST,996,9744,10.22
BH213LN,2395,23432,10.22
SW129DY,1922,18825,10.21
OX44HS,1041,10199,10.21
OL42SF,777,7610,10.21
GL24AL,195,1910,10.21
M274EJ,1486,14570,10.2
L326QS,464,4550,10.2
HP27QD,1141,11189,10.2
S702RA,1016,9969,10.19
NW52AB,573,5623,10.19
HP109LT,240,2355,10.19
DL104AB,1027,10081,10.19
WS109JS,710,6977,10.18
NE242DS,708,6954,10.18
IG26PQ,693,6806,10.18
GL155DG,648,6363,10.18
SK116PN,574,5646,10.17
BL21JJ,978,9613,10.17
TS181PS,694,6829,10.16
S705AD,266,2618,10.16
MK402NR,871,8574,10.16
M84JX,347,3414,10.16
M300PF,1130,11119,10.16
L373PF,1110,10920,10.16
B463BJ,1214,11954,10.16
SG128AA,568,5597,10.15
OL45SR,818,8057,10.15
IG96AQ,112,1103,10.15
YO125AT,880,8675,10.14
TS198JY,500,4936,10.13
N156JR,665,6567,10.13
DN212BU,900,8882,10.13
TF15GQ,571,5645,10.12
OL98AP,248,2451,10.12
N154NP,563,5565,10.12
BD193HH,1036,10239,10.12
B692AJ,588,5809,10.12
S740PB,838,8287,10.11
IP198EP,820,8113,10.11
GL11HX,616,6094,10.11
WA74NW,578,5723,10.1
L147QH,654,6478,10.1
IP92RX,77,762,10.1
LS176HQ,981,9724,10.09
HR12PH,156,1546,10.09
BL79BS,1104,10941,10.09
RM175HH,418,4145,10.08
PO142LE,134,1330,10.08
OX286DB,718,7121,10.08
YO241AQ,687,6820,10.07
PO191PL,1506,14955,10.07
LS249AL,447,4439,10.07
BR88AE,368,3656,10.07
NN110XY,754,7498,10.06
L133DL,1126,11198,10.06
E139AP,593,5893,10.06
B988DJ,1264,12560,10.06
WS33JT,700,6964,10.05
SG49RW,261,2596,10.05
NW13QT,355,3533,10.05
NR231RF,77,766,10.05
DY117BW,1114,11089,10.05
CM35TQ,992,9869,10.05
AL51QQ,1622,16145,10.05
LS226SL,1292,12873,10.04
LE46RJ,715,7120,10.04
HG15PD,822,8190,10.04
EX81DL,427,4251,10.04
CR06SE,782,7789,10.04
B114AP,524,5221,10.04
YO126AF,611,6089,10.03
WA27QJ,1524,15193,10.03
W21UL,447,4455,10.03
CT65JY,728,7255,10.03
AL100PL,776,7735,10.03
SM53DE,644,6424,10.02
NE261DS,860,8579,10.02
L252XE,894,8919,10.02
NW109QH,194,1939,10.01
SG51JW,561,5612,10.0
S802BE,1108,11077,10.0
OX92BZ,787,7871,10.0
NN171RZ,1504,15042,10.0
YO17NP,1741,17425,9.99
TW47DN,143,1432,9.99
SK122AA,301,3013,9.99
SE85QW,776,7770,9.99
SE145DG,1400,14014,9.99
RM64BB,1236,12367,9.99
NR318HB,972,9731,9.99
LE159QH,405,4055,9.99
HA30QA,530,5306,9.99
BS311AF,629,6294,9.99
WN57PF,727,7286,9.98
WA51UB,909,9108,9.98
BB98ND,329,3296,9.98
TN235GR,193,1936,9.97
SM39AG,683,6857,9.96
SK141HF,1396,14021,9.96
ME50PU,650,6526,9.96
E154LY,272,2730,9.96
WA102JL,1448,14551,9.95
SE91SB,321,3225,9.95
SE78DP,428,4300,9.95
LE28TA,206,2070,9.95
ME101NA,427,4294,9.94
M36BZ,650,6542,9.94
DT73HR,225,2264,9.94
SE181HF,174,1753,9.93
M264FA,282,2839,9.93
LA11RQ,341,3434,9.93
BA77BJ,1122,11295,9.93
YO111JR,167,1683,9.92
TW12EB,600,6050,9.92
RM137XR,465,4689,9.92
KT67DG,1119,11280,9.92
DN47JA,561,5653,9.92
EX135HU,589,5946,9.91
BB72HJ,461,4653,9.91
B130AW,500,5045,9.91
TS55HR,487,4919,9.9
SN118AA,414,4180,9.9
SG99AB,748,7555,9.9
MK181NT,667,6737,9.9
LE22BE,48,485,9.9
CM35XB,828,8361,9.9
BS59AP,982,9922,9.9
SW111PX,640,6474,9.89
ME44NU,699,7068,9.89
LA11NE,2191,22160,9.89
DN226NX,2108,21314,9.89
B202ES,543,5491,9.89
WR141NE,1808,18301,9.88
RG46NY,798,8077,9.88
N135XD,674,6819,9.88
SK43BY,1081,10953,9.87
RH109TF,703,7120,9.87
M350AS,444,4500,9.87
CM201DP,1384,14027,9.87
CH496JY,1019,10324,9.87
TW136AD,484,4909,9.86
NE403HQ,845,8572,9.86
KT199EX,1303,13216,9.86
EN62EB,415,4211,9.86
CM164BA,713,7231,9.86
B25AR,62,629,9.86
WS109JL,469,4763,9.85
UB34BX,899,9130,9.85
ST72EZ,125,1269,9.85
ST11ER,967,9815,9.85
S61TT,527,5352,9.85
OX12NA,637,6465,9.85
N32NA,311,3158,9.85
DA100AG,506,5139,9.85
WF62AZ,1080,10977,9.84
UB109JY,130,1323,9.83
M415AN,985,10023,9.83
DY84BU,474,4821,9.83
CR26NN,604,6145,9.83
WN58ND,543,5527,9.82
TW76NN,563,5731,9.82
ST20BJ,959,9761,9.82
SN146GT,1149,11698,9.82
SG29XU,848,8634,9.82
LU12RD,1565,15934,9.82
HP136RU,728,7410,9.82
SE58EE,57,581,9.81
OX266JU,2052,20928,9.81
HP79PZ,488,4972,9.81
CW69UN,617,6291,9.81
CT91DL,409,4170,9.81
CO27EA,1145,11671,9.81
BD21LN,457,4660,9.81
N103DU,420,4286,9.8
CV66EE,476,4859,9.8
B147LG,1043,10647,9.8
SL66JW,193,1972,9.79
CB58DT,1290,13181,9.79
B236BJ,727,7429,9.79
SY66DL,524,5360,9.78
M203HE,446,4561,9.78
BS206JY,1588,16235,9.78
BR29QQ,277,2832,9.78
WV146RL,490,5013,9.77
TN49PH,445,4553,9.77
SW164UY,234,2395,9.77
M204AF,959,9819,9.77
KT211AW,405,4146,9.77
DY53DL,650,6652,9.77
CH664PE,1232,12610,9.77
N31XY,182,1865,9.76
LA62AL,277,2837,9.76
BR60RZ,1080,11065,9.76
AL35ES,465,4765,9.76
YO125EA,828,8492,9.75
RH108DU,525,5383,9.75
N228HH,746,7652,9.75
DA158DG,904,9273,9.75
BB80AG,1068,10950,9.75
SS178HD,596,6117,9.74
S173DR,906,9305,9.74
NW53HH,433,4447,9.74
L213TX,282,2894,9.74
CR35UG,401,4115,9.74
BL82JR,529,5430,9.74
PR86RG,347,3568,9.73
WA74RS,553,5690,9.72
NG250DN,171,1759,9.72
DT47TB,498,5126,9.72
TN317JY,630,6485,9.71
SN84FD,723,7447,9.71
BS361RD,1273,13115,9.71
BL31HH,612,6302,9.71
S39DL,417,4301,9.7
RG205QX,591,6091,9.7
LU71DD,1449,14936,9.7
DT101BB,626,6455,9.7
CV57AT,865,8917,9.7
M90RR,339,3500,9.69
KT100AA,653,6742,9.69
WV140AJ,1387,14333,9.68
L179PW,299,3088,9.68
IG14UR,181,1869,9.68
LU32NJ,530,5482,9.67
LS287NB,1435,14843,9.67
BA133BW,439,4540,9.67
SS166HG,728,7538,9.66
DL14BL,515,5334,9.66
M320DJ,634,6572,9.65
HA62XN,301,3119,9.65
EN107HY,584,6054,9.65
CR77JD,201,2083,9.65
BD132PA,636,6593,9.65
BB97XH,1802,18675,9.65
UB95JF,355,3682,9.64
SE128LU,468,4853,9.64
NG56GY,1144,11862,9.64
B946QS,582,6039,9.64
TW11RD,254,2640,9.62
SO403HZ,1324,13757,9.62
HA85EG,756,7859,9.62
UB33HB,1055,10977,9.61
RM39ND,461,4797,9.61
RG218TZ,476,4953,9.61
OL111DN,571,5940,9.61
LE26UN,694,7225,9.61
EN118DA,470,4889,9.61
BR76AN,876,9114,9.61
BH11DS,529,5506,9.61
WA11SL,721,7513,9.6
SS07JJ,692,7206,9.6
KT228AW,604,6294,9.6
DE119AZ,465,4842,9.6
WN89HP,412,4297,9.59
N177HS,372,3880,9.59
LE17RU,364,3797,9.59
B312DW,690,7192,9.59
W54XL,307,3206,9.58
KT190PG,1416,14784,9.58
CH11RG,172,1796,9.58
BH63LA,623,6503,9.58
WF12JL,617,6445,9.57
TN110EE,800,8362,9.57
RM142AD,263,2748,9.57
PR71AB,1003,10483,9.57
BL14AP,1751,18299,9.57
SN81LT,270,2823,9.56
S433TL,974,10186,9.56
DY138XH,653,6833,9.56
B82AW,384,4017,9.56
CV324TD,507,5310,9.55
CO27AD,268,2807,9.55
SW1V1AA,23,241,9.54
TW80BP,207,2172,9.53
TS104NY,2066,21669,9.53
SE96UD,634,6655,9.53
DL11XE,139,1459,9.53
S739ET,1027,10792,9.52
IG89PF,873,9168,9.52
B602BQ,283,2974,9.52
TR12NS,1948,20473,9.51
PO92AZ,812,8539,9.51
L363SA,674,7091,9.51
L224QF,834,8767,9.51
WA46NL,597,6281,9.5
NE463LZ,1060,11156,9.5
ME101NQ,2436,25634,9.5
CH462QQ,90,947,9.5
SG61NY,794,8369,9.49
HP202AH,1154,12165,9.49
SS177ER,221,2330,9.48
RG141BE,1146,12086,9.48
E11BJ,1765,18620,9.48
DN84BQ,593,6256,9.48
CW114NE,1090,11497,9.48
ME124AX,34,359,9.47
BB30DA,1444,15241,9.47
SG28EU,639,6753,9.46
RH121HE,698,7375,9.46
OX155NF,66,698,9.46
HA48JN,480,5074,9.46
WR24LE,652,6903,9.45
SO153UA,231,2444,9.45
RH119YZ,1540,16290,9.45
N17RD,317,3356,9.45
M419JY,115,1217,9.45
HP197HL,1873,19817,9.45
DN59TG,1134,11996,9.45
W67AF,817,8659,9.44
W139QU,363,3844,9.44
NE216DD,187,1980,9.44
M343JP,1333,14119,9.44
KT67BZ,227,2404,9.44
HG32XT,635,6730,9.44
HA12JF,511,5412,9.44
CV48FT,224,2373,9.44
WD35LH,300,3182,9.43
WA84NS,551,5842,9.43
M218AE,464,4919,9.43
GU341HG,1011,10716,9.43
DN208AE,872,9243,9.43
B939AW,697,7391,9.43
B659JU,65,689,9.43
B146DR,1231,13060,9.43
WR141JE,31,329,9.42
SK14AB,743,7884,9.42
S122SD,2253,23908,9.42
PO332AE,484,5137,9.42
NG181QJ,350,3715,9.42
EN26EB,1561,16578,9.42
NW104RX,381,4049,9.41
NE126YT,2188,23240,9.41
LE182AJ,1732,18434,9.4
GL11PX,2268,24145,9.39
BS232YG,4622,49234,9.39
WA102NN,614,6546,9.38
SK94HR,27,288,9.38
S25HJ,717,7647,9.38
LE174NG,648,6911,9.38
BS107DL,1585,16895,9.38
SM38JW,509,5432,9.37
SK61NB,263,2806,9.37
S432AH,515,5499,9.37
RH175EN,885,9448,9.37
BB52RG,455,4857,9.37
NN171UX,281,3002,9.36
SW148QR,576,6158,9.35
SK76HG,377,4034,9.35
S124LB,248,2653,9.35
N209HE,281,3004,9.35
BN265DH,538,5752,9.35
RM112LG,589,6309,9.34
DH80BH,690,7385,9.34
CH483HS,738,7899,9.34
S80XN,980,10501,9.33
PE219QP,508,5447,9.33
CV13AD,979,10491,9.33
WF101HS,888,9529,9.32
HP136LE,294,3155,9.32
HA29AJ,895,9602,9.32
DT13BX,748,8022,9.32
WS73XE,935,10046,9.31
TF33DE,955,10259,9.31
S605NE,539,5791,9.31
LE54EL,677,7268,9.31
CV213AE,781,8389,9.31
BD50AL,1164,12510,9.3
CV130LT,700,7537,9.29
BB72DP,60,646,9.29
KT212PL,827,8914,9.28
DN370EN,263,2835,9.28
SW161DB,211,2275,9.27
RH191QD,688,7420,9.27
OX37RB,473,5102,9.27
NN26LR,262,2826,9.27
NE288HQ,931,10046,9.27
N101ER,307,3313,9.27
HA30XN,140,1510,9.27
BD249AA,599,6460,9.27
YO140JR,369,3985,9.26
SO224EZ,1422,15349,9.26
SN14BH,2648,28583,9.26
OL82QL,895,9662,9.26
HU74TD,506,5463,9.26
HD64DN,900,9719,9.26
DY40UB,252,2721,9.26
B47ET,161,1739,9.26
PE91PJ,2114,22851,9.25
IG87QQ,410,4432,9.25
HP190FX,268,2896,9.25
E14AA,290,3136,9.25
BD213BG,1423,15389,9.25
CR01RB,1751,18959,9.24
WD171SJ,344,3727,9.23
SW194HZ,406,4400,9.23
SP12AA,590,6390,9.23
M309LY,1185,12839,9.23
GU227QJ,603,6536,9.23
CV324LY,2331,25249,9.23
SS87SQ,557,6042,9.22
SS170HD,528,5727,9.22
PR26RH,1000,10850,9.22
DN147DF,748,8116,9.22
DA146DS,256,2776,9.22
CR82NE,392,4251,9.22
BN163DY,60,651,9.22
B261PG,310,3362,9.22
TN330EG,440,4775,9.21
RH13EN,1298,14086,9.21
PO93RT,412,4475,9.21
PE275JB,502,5451,9.21
LS61EG,501,5438,9.21
IG63EB,460,4997,9.21
PL34AD,686,7455,9.2
CO101HQ,450,4891,9.2
B369AB,619,6726,9.2
TW134PJ,621,6758,9.19
S105BQ,1903,20701,9.19
W38HR,281,3060,9.18
N120BT,59,643,9.18
M67HN,690,7516,9.18
HP109TJ,971,10580,9.18
E83AH,529,5760,9.18
E126AQ,608,6624,9.18
HG41QW,896,9768,9.17
DN162AA,1590,17344,9.17
DN12HS,835,9101,9.17
DA11HD,1681,18330,9.17
SS117DF,644,7034,9.16
HA30EY,369,4030,9.16
CO139PW,567,6192,9.16
TN127NY,708,7735,9.15
SY11RJ,668,7300,9.15
IP327EA,298,3256,9.15
IG45EU,553,6045,9.15
E125AQ,506,5530,9.15
SO168HY,1492,16324,9.14
DY48QL,171,1870,9.14
DA11QU,172,1881,9.14
CV24ER,149,1631,9.14
ME74DF,838,9177,9.13
IP75DX,466,5105,9.13
HP25LE,612,6706,9.13
WR11HA,1314,14405,9.12
DE561AR,819,8981,9.12
CH15PP,401,4397,9.12
WN11SJ,371,4074,9.11
OX75LJ,1400,15363,9.11
HA54SL,697,7648,9.11
BL49ES,2002,21984,9.11
TS121AH,401,4409,9.1
SS164XP,1275,14004,9.1
BB101LA,103,1132,9.1
TN342LG,451,4960,9.09
OX169AB,1638,18017,9.09
NE97HE,234,2573,9.09
E174RX,233,2563,9.09
SE29PT,826,9097,9.08
S118TG,1027,11312,9.08
BN28RB,227,2500,9.08
S611EA,401,4422,9.07
N18PT,415,4575,9.07
BD193LB,735,8102,9.07
B989AA,463,5105,9.07
B144LR,187,2061,9.07
NW11TU,234,2582,9.06
N128LG,624,6884,9.06
CW82NR,565,6234,9.06
CM81BE,460,5075,9.06
BN435ZD,1142,12606,9.06
TS231BY,379,4190,9.05
TR71BQ,136,1502,9.05
ST42DP,422,4661,9.05
SL38HD,1420,15682,9.05
PR72AA,1804,19935,9.05
IG62QP,625,6906,9.05
CT194EZ,330,3647,9.05
BB15AX,3543,39161,9.05
WN60JT,1163,12869,9.04
W51QY,371,4103,9.04
GU152HT,485,5365,9.04
BN115DT,1155,12771,9.04
WA71LA,1436,15908,9.03
W25SH,440,4873,9.03
NW31NH,199,2205,9.02
N160UL,472,5234,9.02
MK430EN,438,4858,9.02
LE44ND,1004,11126,9.02
FY38NX,551,6112,9.02
DH22TT,555,6156,9.02
WA142SS,739,8203,9.01
PO95AG,879,9759,9.01
BN72ND,651,7229,9.01
AL48AS,561,6229,9.01
WA33BZ,783,8704,9.0
NE158LN,753,8371,9.0
M334EE,1505,16735,8.99
HP169EU,135,1502,8.99
BN140EP,679,7554,8.99
B459DQ,415,4617,8.99
WC1N3NG,339,3774,8.98
ST163AA,346,3855,8.98
M147DS,617,6869,8.98
DN68HP,809,9004,8.98
CM159AX,1616,17990,8.98
SE288BE,793,8843,8.97
OX266JJ,1298,14474,8.97
N146PH,478,5327,8.97
BL48DB,1388,15482,8.97
B689LU,52,580,8.97
WS32BA,761,8489,8.96
LE55HJ,566,6319,8.96
BN31FD,730,8149,8.96
B356DL,1454,16232,8.96
WN23AT,880,9837,8.95
WF179ES,1293,14441,8.95
SW166LY,674,7530,8.95
NE346AL,1718,19193,8.95
EN55TD,357,3988,8.95
CM133PD,128,1430,8.95
B82NW,237,2647,8.95
WD174NS,297,3323,8.94
N228NG,564,6306,8.94
HA51HP,171,1912,8.94
DN329BB,444,4968,8.94
DN12EX,1531,17133,8.94
WD33DX,847,9484,8.93
TR36HH,280,3134,8.93
B169HN,175,1959,8.93
WS136AE,712,7978,8.92
ME168JS,971,10886,8.92
DH46HT,1537,17239,8.92
CB25LZ,787,8824,8.92
UB108DQ,500,5612,8.91
SL12JA,804,9019,8.91
SK176JH,1082,12138,8.91
NG42HE,894,10031,8.91
NE311LA,1964,22041,8.91
LS116AW,464,5208,8.91
L364HF,243,2728,8.91
CR07AB,55,617,8.91
WN87DA,39,438,8.9
W21ED,481,5402,8.9
RG12EG,835,9379,8.9
NN114AB,591,6640,8.9
CW71BG,1913,21501,8.9
CH458NY,155,1741,8.9
WD197DT,381,4287,8.89
SS131PN,826,9293,8.89
SK72BE,1073,12076,8.89
N88PL,183,2059,8.89
WA72NZ,240,2702,8.88
TS95AD,523,5891,8.88
ST90DT,412,4639,8.88
N228HB,365,4109,8.88
FY76JY,1296,14594,8.88
BB186PZ,371,4178,8.88
M11PL,465,5241,8.87
WN71ES,1074,12117,8.86
TW107DA,434,4899,8.86
TS103LA,1238,13972,8.86
SK66ES,57,643,8.86
BN163AE,619,6984,8.86
N113DA,376,4250,8.85
M139UJ,1047,11825,8.85
DY11JB,663,7493,8.85
CR35PB,677,7647,8.85
B276BH,710,8025,8.85
TS232LU,1042,11794,8.84
S117PQ,1006,11382,8.84
W86ND,285,3227,8.83
W127JA,610,6906,8.83
SL69BR,687,7779,8.83
RH118XU,306,3465,8.83
LS121XB,449,5083,8.83
E138QE,1014,11478,8.83
CM29AB,989,11202,8.83
WN71BX,1226,13901,8.82
TW122AX,683,7747,8.82
GL71QX,581,6589,8.82
BN227RZ,1612,18280,8.82
NG69DQ,225,2554,8.81
LU11JL,932,10579,8.81
CM186YJ,1204,13669,8.81
CH450LA,961,10905,8.81
B664SJ,244,2769,8.81
WF75BA,480,5453,8.8
W105BE,121,1375,8.8
SK95HZ,331,3761,8.8
AL13HL,1943,22071,8.8
NW17AN,611,6953,8.79
NE289UY,296,3367,8.79
L126QT,271,3083,8.79
DT49BE,521,5933,8.78
WA110LE,299,3408,8.77
TA27PH,947,10796,8.77
SW21NP,456,5201,8.77
ST158PA,1009,11506,8.77
S459NS,1561,17794,8.77
M401NT,979,11168,8.77
HA30DL,102,1163,8.77
DH11QT,854,9733,8.77
BH91LT,887,10112,8.77
BA26UL,646,7368,8.77
SL45BB,176,2009,8.76
SK101AU,132,1506,8.76
MK146BL,1634,18650,8.76
E161EN,485,5538,8.76
BS347PF,424,4840,8.76
B312PE,453,5170,8.76
TN92RS,936,10697,8.75
TN163TL,271,3097,8.75
SW177RL,149,1702,8.75
PR90LE,788,9010,8.75
EX238AF,1407,16083,8.75
BH125BF,701,8012,8.75
BB16NN,435,4970,8.75
WA168HT,543,6212,8.74
N144PL,223,2551,8.74
M167WW,454,5197,8.74
KT187JR,885,10121,8.74
CM61AH,370,4233,8.74
B633HU,52,595,8.74
SK93HX,631,7239,8.72
SE229ET,699,8013,8.72
PO197JG,224,2569,8.72
PE304EA,464,5319,8.72
MK62BG,547,6270,8.72
LS176DW,732,8392,8.72
L181LS,545,6247,8.72
E20AA,269,3085,8.72
ST216DF,185,2124,8.71
S87FD,561,6440,8.71
LA94ED,653,7495,8.71
CO100JQ,382,4384,8.71
SE37EQ,989,11363,8.7
S418LX,773,8884,8.7
PE301DD,839,9646,8.7
MK146HD,510,5860,8.7
LE21HL,400,4600,8.7
KT36AH,248,2850,8.7
CM81BQ,436,5013,8.7
BL09AG,396,4554,8.7
WV132DA,1148,13211,8.69
SE62LQ,578,6651,8.69
DE43LY,454,5223,8.69
CW12JW,897,10317,8.69
CH460PA,1021,11753,8.69
BL35PZ,1228,14134,8.69
SE114DA,360,4146,8.68
PE304DJ,222,2557,8.68
NE611AW,82,945,8.68
N29ED,254,2927,8.68
N134BS,42,484,8.68
M74UF,395,4549,8.68
DN226ES,596,6865,8.68
WN11HX,1732,19985,8.67
TN133TQ,214,2468,8.67
LE32FU,289,3335,8.67
EC1V9HX,257,2964,8.67
CR52BB,467,5386,8.67
CM79DB,1110,12797,8.67
SN110JH,825,9524,8.66
SE39GR,273,3153,8.66
RH106AE,1671,19293,8.66
PR28BP,1133,13087,8.66
LE181NS,380,4390,8.66
L238SN,1338,15451,8.66
KT169AS,1150,13275,8.66
IP13LU,1282,14812,8.66
CW84HD,1051,12140,8.66
BN411DE,1528,17637,8.66
BN13JE,372,4295,8.66
B128JU,388,4480,8.66
RG415EP,1247,14423,8.65
B339LY,565,6531,8.65
TN235AQ,774,8959,8.64
SS09PD,623,7211,8.64
PO14JE,622,7196,8.64
GL142RX,693,8018,8.64
BH107LG,392,4537,8.64
SW99BQ,302,3500,8.63
SW24QY,390,4518,8.63
SW170NN,331,3836,8.63
SK121LA,235,2724,8.63
SE191SB,261,3024,8.63
PO12QF,750,8688,8.63
LE51DR,346,4007,8.63
BS110NA,427,4949,8.63
BR87WL,385,4463,8.63
BH211HG,744,8623,8.63
WA129RH,837,9706,8.62
TW13EJ,414,4803,8.62
TR261SF,531,6157,8.62
OX107QA,975,11328,8.61
HA13UA,138,1602,8.61
E177PJ,1356,15756,8.61
DT11UF,69,801,8.61
DH13HL,356,4133,8.61
CO64EE,549,6376,8.61
CO45LJ,345,4007,8.61
BL17JJ,301,3496,8.61
TW195DJ,86,1000,8.6
TQ45DB,1071,12450,8.6
SN153ER,75,872,8.6
NR321PA,2753,32005,8.6
L203EN,406,4719,8.6
BL18DE,895,10404,8.6
BB67AL,372,4326,8.6
TQ71HQ,191,2223,8.59
SK164DB,365,4249,8.59
DY85SB,1037,12079,8.59
AL21QF,1070,12456,8.59
NW43UX,462,5383,8.58
NG41JB,1042,12142,8.58
LS285HX,598,6972,8.58
DN46EX,940,10961,8.58
DA37QZ,321,3743,8.58
BN111RY,1357,15822,8.58
TN62JD,472,5507,8.57
ST37LH,606,7070,8.57
SO224PP,2766,32268,8.57
RH41UT,832,9707,8.57
OL26QF,491,5726,8.57
ME159BQ,286,3338,8.57
LE156AS,211,2462,8.57
L63AF,579,6754,8.57
HP178EE,1070,12479,8.57
DN75PW,351,4096,8.57
B930HZ,508,5927,8.57
SE41QY,466,5444,8.56
PL198AN,554,6471,8.56
OL104NN,231,2700,8.56
GU185RY,263,3074,8.56
DH85AQ,1661,19405,8.56
DA12EU,347,4053,8.56
CM94GD,719,8395,8.56
WN74AU,336,3928,8.55
TN85HR,111,1299,8.55
LE54BQ,432,5055,8.55
L94RY,392,4587,8.55
DN13AP,13,152,8.55
BN150DJ,458,5357,8.55
SW165TF,201,2355,8.54
PR12QP,434,5081,8.54
EN52LP,348,4074,8.54
CR03SE,262,3069,8.54
AL87QG,424,4963,8.54
RH123XS,352,4127,8.53
NW32BH,437,5121,8.53
NR79XD,394,4620,8.53
N89BE,11,129,8.53
IG39SD,566,6632,8.53
NW119AL,311,3651,8.52
ME44DH,323,3792,8.52
LE167DS,249,2924,8.52
L261UN,429,5038,8.52
HU152EP,1018,11949,8.52
ST41AT,891,10471,8.51
NW62LH,185,2174,8.51
LA127EQ,865,10168,8.51
BN412LH,782,9194,8.51
BB72DL,502,5900,8.51
B296NB,330,3878,8.51
WV38DH,932,10964,8.5
SG86HH,474,5577,8.5
N41QR,443,5214,8.5
L92BW,430,5059,8.5
TR138AB,1141,13434,8.49
E96BB,132,1554,8.49
CV378TA,359,4228,8.49
LE43EG,1010,11912,8.48
BN26PH,383,4518,8.48
BD183NT,1676,19768,8.48
WS107HQ,354,4180,8.47
TS146AY,385,4548,8.47
SE114LD,368,4343,8.47
S651AP,850,10034,8.47
OL158JZ,1242,14661,8.47
HD88AQ,485,5724,8.47
RH16PS,356,4207,8.46
NW104NT,116,1371,8.46
KT11EE,156,1843,8.46
B721TJ,1228,14522,8.46
TN210EJ,405,4795,8.45
NR316SQ,134,1585,8.45
M218AN,305,3608,8.45
LE38BQ,871,10307,8.45
EN118UA,269,3183,8.45
CV81JJ,873,10332,8.45
AL13ET,822,9723,8.45
S601JA,490,5806,8.44
PE14DD,675,7999,8.44
NG72RD,1474,17461,8.44
NE22TB,313,3707,8.44
HP53EZ,641,7598,8.44
FY55BT,745,8827,8.44
CH659AD,551,6532,8.44
TS248AT,417,4944,8.43
M96RA,416,4933,8.43
IP117BX,561,6653,8.43
BN114LD,227,2694,8.43
BB79SW,634,7521,8.43
PR83QF,592,7035,8.42
DE159AW,198,2351,8.42
WD233DJ,551,6549,8.41
SY14ET,688,8184,8.41
SO167AP,1111,13212,8.41
DY51LH,71,844,8.41
WF129PJ,265,3154,8.4
RM188AD,945,11246,8.4
NG69JQ,179,2132,8.4
NE95AH,689,8206,8.4
LE111TQ,944,11237,8.4
DN402EU,705,8394,8.4
SW82JS,501,5974,8.39
SW208DT,336,4004,8.39
NE426HR,334,3983,8.39
HA85NN,408,4862,8.39
WS73XJ,668,7975,8.38
WF131LB,631,7531,8.38
S47UD,1364,16279,8.38
OL101LJ,406,4842,8.38
NE166NF,415,4955,8.38
N43PX,193,2303,8.38
MK402NT,854,10189,8.38
DL81AW,740,8831,8.38
CM11BE,156,1861,8.38
B744NJ,446,5324,8.38
CO62NS,252,3010,8.37
CB114ED,1191,14221,8.37
B634BL,292,3489,8.37
LN57RL,2312,27669,8.36
DE248PZ,965,11544,8.36
SK81HW,327,3915,8.35
SG63DE,705,8442,8.35
PO63AZ,628,7523,8.35
LS157JL,262,3136,8.35
GL52AA,919,11002,8.35
DY32HA,277,3319,8.35
BL81HP,585,7008,8.35
B781DR,765,9166,8.35
RG29EH,689,8257,8.34
M146SG,269,3226,8.34
GU271LQ,766,9188,8.34
DH85NW,219,2627,8.34
BA133DR,437,5241,8.34
WV108BN,1143,13729,8.33
WN23EA,626,7516,8.33
WD246PJ,510,6127,8.32
SS179AB,490,5888,8.32
GU342RE,683,8208,8.32
TS134RP,398,4787,8.31
MK109NJ,651,7838,8.31
HP51EZ,36,433,8.31
E138HL,176,2117,8.31
DN212HD,1083,13026,8.31
CM219JJ,941,11323,8.31
B487LA,470,5655,8.31
SM12BH,20,241,8.3
GU514QL,782,9427,8.3
CA81RW,21,253,8.3
TF28AF,685,8258,8.29
SW184SX,355,4282,8.29
RM111SU,102,1231,8.29
LU54SJ,687,8285,8.29
DN59BL,668,8054,8.29
WD173EW,246,2971,8.28
S101GQ,1211,14630,8.28
RM111TP,776,9373,8.28
IG118SY,1174,14185,8.28
BA148SA,1283,15503,8.28
B360AY,685,8277,8.28
YO187DL,806,9744,8.27
PL68UE,702,8493,8.27
NR13LY,1847,22328,8.27
M337DZ,573,6930,8.27
L234TA,370,4474,8.27
WS66NL,363,4397,8.26
RG87LU,529,6406,8.26
OX47EX,950,11506,8.26
N195QU,196,2374,8.26
LN106SQ,1242,15036,8.26
CV64HN,900,10894,8.26
BN214PR,587,7110,8.26
BB24HU,185,2241,8.26
B289JU,1386,16786,8.26
NW101JY,643,7792,8.25
WN59QX,179,2173,8.24
WA105PJ,721,8750,8.24
SE91AQ,1046,12693,8.24
HP136NR,579,7026,8.24
DE238UB,1430,17357,8.24
CV14BQ,791,9605,8.24
WN22AR,202,2455,8.23
TN316NA,201,2443,8.23
TF42EX,473,5749,8.23
SG87AN,1347,16374,8.23
M144RL,108,1313,8.23
LE101AP,2020,24540,8.23
SP84QH,515,6269,8.22
SO163AY,584,7107,8.22
SK39ET,837,10179,8.22
S207HZ,1194,14518,8.22
MK109BQ,1132,13776,8.22
M125QY,210,2555,8.22
CR26AP,209,2544,8.22
CA11JP,792,9635,8.22
BS374NG,666,8107,8.22
BA25RP,420,5107,8.22
WV108PW,617,7519,8.21
SY25AU,269,3275,8.21
RG279DJ,997,12147,8.21
PE133AB,178,2168,8.21
LE169HF,2122,25843,8.21
DY83XZ,1071,13040,8.21
DY68DN,785,9557,8.21
CV325SZ,167,2033,8.21
BN175PW,467,5685,8.21
RG224EH,457,5574,8.2
GL155HH,327,3989,8.2
CH22LJ,560,6831,8.2
BA214HD,978,11931,8.2
B178PY,226,2756,8.2
SS71EG,757,9246,8.19
SO152GD,246,3002,8.19
CB74ES,1728,21087,8.19
BS43HH,383,4679,8.19
BS312NB,343,4188,8.19
PL74PH,1058,12928,8.18
OX154ES,1131,13819,8.18
M389WH,557,6807,8.18
M342NA,341,4170,8.18
L224RG,682,8340,8.18
SS67LJ,668,8175,8.17
OL101DL,348,4261,8.17
CV377AE,711,8704,8.17
WA118QL,23,282,8.16
SS54DQ,498,6102,8.16
E1W3DD,607,7438,8.16
DA12DJ,338,4144,8.16
SE228SW,335,4111,8.15
PO63ER,843,10349,8.15
CV114LE,1331,16329,8.15
BB104AB,255,3127,8.15
B314RE,717,8793,8.15
S252PS,623,7667,8.13
DN85AU,501,6159,8.13
BA129AF,321,3947,8.13
SE166AE,496,6106,8.12
FY85PA,714,8790,8.12
MK403HS,261,3218,8.11
TS159JT,843,10403,8.1
RM112BS,196,2420,8.1
GU212QH,458,5656,8.1
DA163RA,874,10785,8.1
CW84BA,857,10580,8.1
CM232JT,1010,12464,8.1
BB185DW,93,1148,8.1
M329TR,863,10670,8.09
EX41AP,487,6019,8.09
EN89DF,128,1583,8.09
SL43HJ,241,2983,8.08
NG84PN,1240,15348,8.08
N134AH,293,3624,8.08
TS233JW,346,4288,8.07
SE228HF,717,8888,8.07
HA13UJ,507,6280,8.07
BH231PU,552,6836,8.07
B721SD,737,9136,8.07
WV39NB,285,3537,8.06
WA104HA,439,5450,8.06
UB60HR,586,7269,8.06
NN137EP,771,9562,8.06
WR25AA,554,6884,8.05
TS117LA,946,11745,8.05
SS71QB,368,4571,8.05
MK403JJ,1010,12551,8.05
HA61DB,479,5947,8.05
GL205PR,513,6369,8.05
DA158PG,96,1193,8.05
TQ45BP,282,3508,8.04
OX266AN,682,8486,8.04
LE50QG,1077,13399,8.04
BL12JT,1405,17481,8.04
HR27JZ,1140,14200,8.03
CT11LN,1391,17318,8.03
B448LD,841,10467,8.03
SS141BN,709,8838,8.02
N145HD,233,2904,8.02
L42RT,1265,15777,8.02
IP224QG,1207,15041,8.02
PL219AE,1168,14573,8.01
CR43NH,540,6742,8.01
TW121NJ,118,1475,8.0
SO505JH,1040,13001,8.0
SG36AP,169,2112,8.0
RH191AW,194,2424,8.0
NE325AR,306,3826,8.0
CH422AG,558,6973,8.0
BB128QN,635,7938,8.0
WV23JE,290,3628,7.99
NR14AB,232,2904,7.99
MK428BL,590,7383,7.99
M298DG,1547,19367,7.99
LN121DP,324,4054,7.99
E164HB,561,7024,7.99
CW121JN,2190,27417,7.99
ME159NB,1419,17773,7.98
BR34RJ,613,7681,7.98
SP13TS,931,11677,7.97
SE181SJ,195,2448,7.97
SE120DU,354,4441,7.97
S801PD,207,2597,7.97
LS123AQ,504,6327,7.97
W37RW,448,5629,7.96
ST36BP,913,11466,7.96
CV35FD,341,4285,7.96
BS148PG,428,5380,7.96
B435BB,532,6686,7.96
WN59DL,1446,18186,7.95
SG137EQ,1217,15308,7.95
PE166AF,54,679,7.95
NR351AX,161,2024,7.95
L331XT,529,6657,7.95
EX12FW,431,5420,7.95
CM233AZ,842,10588,7.95
WS109BY,201,2531,7.94
WA41JJ,663,8345,7.94
UB78HJ,296,3729,7.94
TA63BX,112,1410,7.94
OL112JG,1205,15175,7.94
M246TE,480,6048,7.94
L159ED,56,705,7.94
IP287ES,948,11936,7.94
IP130SA,540,6802,7.94
BB12AF,528,6652,7.94
TA64GP,1645,20752,7.93
SP61JD,1459,18408,7.93
SG129EE,1730,21805,7.93
PO301BW,865,10911,7.93
LE129PZ,1148,14478,7.93
L316BR,163,2055,7.93
BB53JD,1166,14704,7.93
SW100LR,394,4976,7.92
SK83BG,513,6478,7.92
M350QH,773,9754,7.92
HD16LQ,544,6871,7.92
B277XH,444,5603,7.92
S649EB,666,8424,7.91
M403HY,544,6875,7.91
M262TQ,837,10583,7.91
CM233AL,551,6964,7.91
CH11HF,728,9204,7.91
ST56AZ,401,5078,7.9
SM71BT,192,2430,7.9
DN119HY,225,2849,7.9
CT117ET,1484,18788,7.9
BN34FN,89,1127,7.9
WS152DZ,356,4514,7.89
TW92NQ,328,4158,7.89
SY82LS,272,3448,7.89
S64GJ,489,6195,7.89
M458GW,588,7449,7.89
B450JA,403,5109,7.89
WS152BA,941,11945,7.88
WA157SP,674,8549,7.88
UB24JJ,349,4429,7.88
MK37LW,818,10384,7.88
DN146RU,494,6268,7.88
BD181BP,359,4553,7.88
WF12QP,1402,17821,7.87
TR12UE,506,6427,7.87
SM53NP,591,7507,7.87
RH67DQ,390,4956,7.87
M343LE,212,2694,7.87
LS116AJ,522,6632,7.87
L281NR,623,7918,7.87
DA161TY,144,1830,7.87
BH241DZ,360,4576,7.87
BH152NN,1734,22041,7.87
BB111TS,291,3696,7.87
B303EL,829,10540,7.87
SO300BJ,908,11555,7.86
SM14DW,845,10749,7.86
PR67PS,110,1400,7.86
NE33PP,397,5048,7.86
IG103ST,668,8500,7.86
HP38QG,570,7252,7.86
DA118JT,273,3472,7.86
CV107DJ,291,3701,7.86
CB236AJ,666,8478,7.86
B388RH,640,8146,7.86
S61SU,372,4739,7.85
DA14JL,508,6473,7.85
WA53PG,368,4694,7.84
SO311BJ,373,4759,7.84
WR80QL,818,10453,7.83
S711AN,823,10516,7.83
PR72RL,563,7190,7.83
E113HS,267,3410,7.83
WS121AP,565,7226,7.82
NN27BL,1789,22883,7.82
GU214AB,639,8175,7.82
W93PN,190,2432,7.81
TS268JA,305,3904,7.81
M206AX,698,8935,7.81
HA26EF,349,4466,7.81
DH50JN,1466,18779,7.81
TW50QU,224,2872,7.8
M300EJ,595,7629,7.8
BN251PL,151,1935,7.8
WV81PF,846,10867,7.79
SW209BZ,37,475,7.79
SE38UN,223,2862,7.79
PR33WH,347,4453,7.79
PE389HF,862,11070,7.79
NG85ND,593,7617,7.79
LN24FJ,897,11521,7.79
LE169JU,596,7650,7.79
GU195JH,721,9259,7.79
AL86BQ,308,3956,7.79
YO103EF,1001,12867,7.78
WD195BL,201,2585,7.78
SL98BS,443,5695,7.78
SK65AA,695,8929,7.78
NG36LH,580,7459,7.78
L354LL,572,7348,7.78
IP38JU,696,8943,7.78
CR52RA,467,6001,7.78
BN272AE,438,5632,7.78
SE63HQ,248,3192,7.77
LE126PG,889,11443,7.77
BL84AH,713,9176,7.77
BL31LR,274,3526,7.77
NG57ED,277,3570,7.76
N88HA,272,3505,7.76
N179SX,152,1958,7.76
BR14PH,182,2345,7.76
WS98NS,240,3096,7.75
WR158BA,214,2762,7.75
UB109JR,739,9536,7.75
LS279EN,579,7472,7.75
HA38DD,223,2879,7.75
E58EE,65,839,7.75
WF62AD,707,9135,7.74
TA11SN,1141,14742,7.74
PE25RQ,325,4199,7.74
NN15AN,195,2520,7.74
NG75JA,649,8385,7.74
LE16AS,503,6495,7.74
DA14HG,383,4951,7.74
CM777WW,711,9185,7.74
BR36LH,272,3513,7.74
UB55HE,307,3974,7.73
SW164BT,86,1112,7.73
RG401AT,795,10283,7.73
ME159UF,942,12191,7.73
ME138PG,1097,14185,7.73
LE99JR,479,6199,7.73
CW111FW,405,5236,7.73
B295TX,980,12678,7.73
AL36DL,391,5057,7.73
NN38DW,2029,26273,7.72
L363TN,323,4183,7.72
HU130RB,1343,17402,7.72
GU12AF,636,8243,7.72
CB243BP,376,4869,7.72
YO519HS,445,5770,7.71
S56AD,624,8089,7.71
PO198DU,33,428,7.71
HP100EE,340,4410,7.71
CV31JD,177,2295,7.71
CT187BN,870,11287,7.71
CH470LD,654,8479,7.71
SG14PN,713,9255,7.7
CO50HB,597,7756,7.7
CO28QY,91,1182,7.7
WA144RH,510,6630,7.69
SP102EG,1510,19635,7.69
RG184JP,348,4523,7.69
GU216LJ,365,4746,7.69
DN226DR,297,3860,7.69
DL37HL,702,9134,7.69
PL143XB,1174,15284,7.68
NR319BE,859,11182,7.68
LS177AQ,600,7812,7.68
WF81QT,944,12309,7.67
RG403RB,682,8889,7.67
NR31TL,402,5241,7.67
B263HD,463,6040,7.67
NG138AN,720,9398,7.66
CM61YE,350,4572,7.66
BS151AQ,678,8852,7.66
TN218JD,352,4603,7.65
S704DE,563,7362,7.65
PL23BY,661,8636,7.65
GU47EW,97,1268,7.65
EX108UH,354,4627,7.65
B302AB,726,9491,7.65
SM38JN,291,3809,7.64
S87LD,343,4492,7.64
RH117HL,526,6882,7.64
RH105EX,351,4595,7.64
E161EH,926,12116,7.64
BL35QE,643,8420,7.64
BB185NB,93,1218,7.64
NE242JN,1142,14959,7.63
B458NW,227,2975,7.63
TQ12AL,687,9015,7.62
SS12PW,888,11658,7.62
RG263PX,538,7060,7.62
N11BB,196,2573,7.62
CH37SW,951,12475,7.62
BA51SR,186,2442,7.62
AL97DL,455,5971,7.62
SG76QN,840,11039,7.61
RG109AE,558,7333,7.61
PE339LP,469,6163,7.61
NE215PU,695,9138,7.61
MK44DD,758,9967,7.61
MK410TF,923,12127,7.61
MK111BY,571,7507,7.61
EN89BH,741,9740,7.61
CM129BX,656,8617,7.61
BL36LF,743,9767,7.61
B797QE,47,618,7.61
KT138TS,899,11826,7.6
DE43LU,732,9627,7.6
CO124EQ,360,4736,7.6
PL254TT,888,11692,7.59
OX106RP,160,2107,7.59
NN55BG,41,540,7.59
GL12DB,242,3188,7.59
TS170RR,581,7661,7.58
SP78AR,416,5485,7.58
NG26AX,195,2573,7.58
BH125BL,259,3419,7.58
WS34AX,574,7586,7.57
UB25UL,209,2760,7.57
TW134HX,214,2828,7.57
SW197AF,256,3380,7.57
ST54LY,700,9250,7.57
SR47TU,722,9540,7.57
SL39EN,536,7085,7.57
PL312HB,722,9542,7.57
EX82BW,1163,15363,7.57
CT51DP,144,1903,7.57
CR01JB,505,6675,7.57
CB214HS,361,4766,7.57
WS98PT,126,1667,7.56
TN40NH,764,10104,7.56
LE35PR,1327,17542,7.56
LA59LB,472,6243,7.56
BN214RY,617,8157,7.56
B75DT,509,6729,7.56
YO17HP,735,9737,7.55
SK84DN,558,7390,7.55
NG12AE,401,5313,7.55
HX50EP,152,2014,7.55
HU36HP,2592,34352,7.55
SK68DR,585,7763,7.54
OL11NL,148,1964,7.54
LS83ES,590,7829,7.54
LN67HD,964,12777,7.54
EX11SW,199,2638,7.54
CO111AG,513,6807,7.54
CB18AZ,545,7230,7.54
WN21YX,168,2232,7.53
TN341BA,581,7716,7.53
TA14RL,98,1302,7.53
SS41BE,697,9255,7.53
OL50BA,604,8022,7.53
LU56AA,340,4517,7.53
LU34AD,597,7934,7.52
LE101AD,376,5002,7.52
CV81LS,956,12718,7.52
BL99NS,732,9737,7.52
BA126EW,386,5136,7.52
W60RA,379,5048,7.51
SW129AQ,243,3235,7.51
SS155TR,255,3394,7.51
PR31EA,603,8031,7.51
LS270AH,569,7573,7.51
LN11PE,1272,16947,7.51
DA139JG,355,4725,7.51
BR35JE,542,7220,7.51
BR15AB,302,4023,7.51
TN395AF,430,5735,7.5
RH193JZ,1151,15356,7.5
KT112LA,166,2212,7.5
DN106JQ,705,9400,7.5
DL13BL,558,7444,7.5
B235XB,288,3839,7.5
TN401DF,458,6116,7.49
OX52BP,730,9741,7.49
NW99EG,343,4581,7.49
M264HF,210,2803,7.49
HX64DN,271,3617,7.49
EX187BW,508,6779,7.49
CM08AH,583,7781,7.49
BS92EE,384,5128,7.49
WS111AP,727,9720,7.48
PO191DS,275,3677,7.48
PE38DT,1091,14591,7.48
L77HG,321,4291,7.48
EX151AE,74,989,7.48
TW140JG,550,7362,7.47
TS95DP,624,8358,7.47
SL16LS,380,5084,7.47
RH29BZ,182,2435,7.47
PR55RX,387,5182,7.47
OL66QH,339,4540,7.47
HD96NT,437,5852,7.47
DL37HA,276,3694,7.47
CO139PS,49,656,7.47
NE31DH,442,5922,7.46
M337TQ,342,4585,7.46
CH627HL,636,8526,7.46
WS111EA,1235,16578,7.45
NE46BT,175,2350,7.45
LE29PE,224,3005,7.45
HD95NX,1156,15516,7.45
GU153RB,519,6967,7.45
EX28LB,530,7113,7.45
DE738JA,388,5209,7.45
SK121QY,948,12750,7.44
RG183HH,1086,14591,7.44
GU195EZ,455,6115,7.44
DY148BQ,661,8887,7.44
CV376LW,1394,18726,7.44
ST162LY,41,552,7.43
S612QJ,377,5074,7.43
HD93TP,547,7359,7.43
GU213LQ,1752,23576,7.43
FY81RF,952,12820,7.43
E62LT,323,4349,7.43
DY53AU,227,3054,7.43
BA12ND,117,1574,7.43
TQ122ET,457,6158,7.42
S630JX,563,7588,7.42
PE111EJ,1023,13784,7.42
OX142QA,996,13417,7.42
DT11RY,689,9282,7.42
CM232EJ,736,9914,7.42
SW170LN,355,4792,7.41
SK116DP,353,4764,7.41
PR16YA,1062,14335,7.41
LE46JH,553,7460,7.41
BD128AD,828,11171,7.41
BA22AF,1884,25433,7.41
SL09ND,221,2985,7.4
N90TZ,224,3026,7.4
ME39HU,308,4162,7.4
BR20BW,244,3296,7.4
B360ET,238,3217,7.4
SK83PX,222,3003,7.39
S266RA,860,11637,7.39
NG101JX,213,2883,7.39
ME207LQ,566,7655,7.39
M204BA,331,4477,7.39
IG38LF,181,2449,7.39
NG241TF,1103,14941,7.38
CB74AJ,238,3226,7.38
SO196HQ,430,5835,7.37
HG11BX,562,7630,7.37
HD13TG,450,6102,7.37
DN146AS,666,9034,7.37
DA68BS,488,6618,7.37
DA110DF,379,5142,7.37
WF46LP,1149,15604,7.36
SG191HU,640,8699,7.36
S402BZ,414,5624,7.36
NE262SS,722,9804,7.36
LN59AB,589,8003,7.36
BR20EF,93,1263,7.36
BB112AE,1356,18416,7.36
WA159NA,161,2190,7.35
SE154RX,560,7622,7.35
RG218UL,265,3606,7.35
NW43HB,389,5292,7.35
NW118EN,83,1129,7.35
FY76LT,109,1483,7.35
BN72PF,226,3076,7.35
NE209PW,114,1554,7.34
HD80RN,442,6024,7.34
DY27DJ,578,7878,7.34
BS216NP,632,8615,7.34
BD63AD,717,9766,7.34
B955AT,768,10465,7.34
TW32EP,109,1487,7.33
SG20HL,409,5583,7.33
L137DT,51,696,7.33
WF148AF,1036,14147,7.32
SG175JB,450,6149,7.32
RH121EB,1020,13930,7.32
PE28RQ,66,902,7.32
OX183AD,269,3676,7.32
HD63NF,281,3837,7.32
HA30HQ,469,6409,7.32
DN25BE,908,12405,7.32
BS34EY,260,3550,7.32
B236XA,536,7320,7.32
ST51EL,659,9009,7.31
SE218EZ,148,2025,7.31
IG101NY,502,6867,7.31
CW98UW,314,4294,7.31
BN424FR,559,7645,7.31
BD95EU,1148,15695,7.31
BB55NS,439,6004,7.31
BA24SA,195,2668,7.31
UB40EL,1171,16048,7.3
LE20DT,425,5818,7.3
DY97LL,317,4344,7.3
DE561BZ,893,12239,7.3
CB215JG,922,12629,7.3
YO231AH,91,1249,7.29
ST158JP,524,7189,7.29
PR252TE,758,10403,7.29
DE451EW,624,8561,7.29
WF140HW,294,4038,7.28
SR29QF,641,8809,7.28
S124WH,772,10600,7.28
HP91QB,539,7405,7.28
S819RJ,184,2532,7.27
LS74LF,660,9082,7.27
LN68RZ,797,10960,7.27
KT82QF,304,4179,7.27
TS37PB,1172,16142,7.26
TS183TX,513,7062,7.26
S64JR,275,3788,7.26
PR86LF,765,10531,7.26
NN126AF,470,6476,7.26
ME138PH,271,3735,7.26
DL41AL,540,7441,7.26
CB58HA,1141,15712,7.26
WA37PQ,798,11005,7.25
SO169QX,857,11814,7.25
NG52EL,146,2013,7.25
LS64AY,653,9010,7.25
LE54LE,321,4428,7.25
HA30QJ,187,2578,7.25
DA49HP,87,1200,7.25
WN74LR,444,6129,7.24
SK73EP,224,3095,7.24
NW11JB,424,5853,7.24
LS185NQ,373,5155,7.24
BS324DX,1170,16153,7.24
WD231BD,492,6801,7.23
SO533AP,831,11490,7.23
RH163PH,608,8404,7.23
PR19BY,322,4456,7.23
BD212AU,1643,22739,7.23
BB67AA,43,595,7.23
SK81AX,424,5873,7.22
SK230EZ,707,9787,7.22
RG224LQ,620,8589,7.22
BL96BG,423,5857,7.22
BB26JW,713,9876,7.22
BA151DA,950,13160,7.22
WA141JD,275,3812,7.21
ST101EP,375,5200,7.21
N80RP,93,1290,7.21
BB51HN,351,4866,7.21
SK41LW,106,1473,7.2
PO130JY,1145,15913,7.2
PE317QB,375,5208,7.2
OL36HZ,355,4931,7.2
LS72PW,1365,18947,7.2
HG58AS,735,10203,7.2
BS82QB,344,4775,7.2
BN21EA,231,3208,7.2
WD245BH,737,10247,7.19
NW73RJ,109,1517,7.19
NE425PU,535,7446,7.19
MK410SE,971,13514,7.19
DE249AD,135,1877,7.19
CM186LY,833,11583,7.19
BN443RJ,470,6539,7.19
BD47PT,1097,15258,7.19
RM83HB,205,2857,7.18
LS82AT,550,7664,7.18
IP333AZ,589,8209,7.18
SY45DZ,119,1660,7.17
SR83PG,569,7932,7.17
S727ND,469,6544,7.17
OL82BS,859,11977,7.17
M218TL,240,3348,7.17
B797BX,523,7295,7.17
TA245DJ,340,4747,7.16
PE216SR,687,9601,7.16
NG55NX,482,6733,7.16
LE27LN,339,4735,7.16
DN58BB,571,7976,7.16
BN59HF,243,3394,7.16
TS78DU,577,8068,7.15
PE111JW,614,8584,7.15
IG26RD,422,5904,7.15
HX28AU,662,9253,7.15
BS70PD,479,6702,7.15
BS140JW,221,3092,7.15
SK27JB,459,6430,7.14
LS71BB,660,9244,7.14
CO49SR,300,4200,7.14
WV164EJ,487,6831,7.13
WA119QA,657,9212,7.13
TF75AU,372,5217,7.13
RG145DT,37,519,7.13
PE216PE,308,4317,7.13
LS134AJ,351,4925,7.13
BB128JH,465,6526,7.13
SS118AW,1066,14972,7.12
SL63NR,55,772,7.12
S62UB,543,7625,7.12
NN11HH,449,6308,7.12
LU12QR,2308,32432,7.12
HA48HW,241,3384,7.12
DL78EQ,69,969,7.12
BN236DG,50,702,7.12
BH256NT,417,5857,7.12
B289HS,361,5072,7.12
PE78GX,601,8456,7.11
N90PD,422,5932,7.11
L192LW,269,3781,7.11
BD100BN,552,7769,7.11
B975SF,846,11892,7.11
B664BL,853,11992,7.11
WV81HF,311,4383,7.1
WS124DH,240,3379,7.1
TN231PF,707,9957,7.1
S625NF,439,6181,7.1
NW99QD,138,1944,7.1
KT171TG,1251,17622,7.1
FY39BU,802,11301,7.1
DL146HS,727,10238,7.1
BN229QH,608,8562,7.1
AL73PP,232,3267,7.1
TF32JZ,727,10248,7.09
E130PB,345,4863,7.09
CB61NE,723,10202,7.09
CB237DS,347,4897,7.09
BS397LH,569,8029,7.09
AL86SZ,759,10711,7.09
SM39DL,172,2430,7.08
SK91PA,633,8943,7.08
M250EQ,522,7368,7.08
GU149DS,663,9371,7.08
CV346AB,613,8664,7.08
SO318BR,773,10929,7.07
NR293RW,274,3877,7.07
IP14HD,1246,17634,7.07
HU92AA,1611,22802,7.07
DN226LA,208,2940,7.07
YO213ER,728,10311,7.06
RH123HB,350,4954,7.06
PR90PA,1388,19668,7.06
NR337LL,84,1190,7.06
E182AB,448,6349,7.06
DE553DA,541,7666,7.06
WN11XP,1152,16344,7.05
WF92SE,192,2725,7.05
TN12BJ,21,298,7.05
TA44NW,480,6809,7.05
NG241JR,1286,18244,7.05
M345BD,105,1489,7.05
LS298UA,309,4384,7.05
LE652PT,65,922,7.05
HP234AB,150,2129,7.05
HD34HZ,1011,14340,7.05
DY76HF,254,3605,7.05
BH256BZ,62,879,7.05
TN240RW,178,2529,7.04
TN131XA,745,10589,7.04
RG401XG,1282,18207,7.04
NE258BE,521,7400,7.04
LE55FD,239,3396,7.04
LE25WE,459,6522,7.04
DY52PR,522,7410,7.04
CB101LS,375,5324,7.04
BS78NR,181,2570,7.04
WF120QR,868,12346,7.03
TN218AE,264,3755,7.03
TF31FB,1193,16961,7.03
TA66PZ,486,6914,7.03
SE155RS,419,5960,7.03
LE673WD,691,9831,7.03
E29PJ,305,4338,7.03
CO58RA,391,5562,7.03
CM201JH,420,5972,7.03
BL53RS,426,6060,7.03
BD100ED,407,5790,7.03
S37RX,209,2976,7.02
N134NP,111,1582,7.02
HA28HS,450,6414,7.02
CO102SX,1259,17935,7.02
BB51DQ,971,13828,7.02
W127NU,182,2596,7.01
S59GS,475,6772,7.01
NR316RQ,41,585,7.01
NE661PY,70,998,7.01
M445DX,384,5480,7.01
B706PJ,213,3039,7.01
B688DP,470,6707,7.01
B645LT,53,756,7.01
TN377AG,1651,23589,7.0
SS92LZ,401,5729,7.0
DN163QS,247,3529,7.0
BS351HB,78,1115,7.0
B187QL,334,4774,7.0
TW209QR,108,1545,6.99
ST200GP,523,7483,6.99
SO408WU,685,9796,6.99
SE29LH,189,2702,6.99
ME44DL,557,7966,6.99
IP141HF,528,7552,6.99
DH79HW,354,5067,6.99
WV59JE,179,2565,6.98
WS13AB,670,9600,6.98
HU93LP,1153,16519,6.98
WF93AP,174,2495,6.97
RM175ET,105,1507,6.97
PE150DA,324,4649,6.97
NN32JG,792,11366,6.97
NE34RU,772,11070,6.97
M245RU,1617,23194,6.97
SW114LR,27,388,6.96
SG141JA,746,10713,6.96
IP171DF,308,4425,6.96
HX75LL,575,8256,6.96
FY16LA,451,6479,6.96
E126SA,441,6334,6.96
WR11QN,703,10115,6.95
WR113LF,524,7536,6.95
S23UA,97,1396,6.95
LS278HE,1128,16227,6.95
DH88LU,170,2445,6.95
BS138HJ,238,3422,6.95
WR98EF,504,7264,6.94
TQ138NQ,222,3199,6.94
S459LS,771,11102,6.94
CR78LY,152,2191,6.94
B709LB,1415,20400,6.94
W37DA,215,3101,6.93
SS72BN,353,5091,6.93
CR36QB,188,2711,6.93
CB41UZ,961,13865,6.93
SS12NE,655,9472,6.92
SP13FF,211,3048,6.92
SK25EH,486,7021,6.92
S358QB,201,2906,6.92
RG48AA,448,6477,6.92
GU152JQ,318,4596,6.92
DN161NR,253,3658,6.92
SE136BG,110,1593,6.91
RG120TH,381,5511,6.91
DE12GJ,567,8209,6.91
SW111JD,30,435,6.9
SG51NQ,2880,41717,6.9
S668LH,399,5781,6.9
OL130LD,700,10141,6.9
L156TB,538,7797,6.9
CV81LY,364,5276,6.9
CA93QX,41,594,6.9
BL90NJ,84,1217,6.9
BL09HT,826,11964,6.9
NR21DS,53,769,6.89
NG123NL,332,4822,6.89
LS184RJ,600,8707,6.89
GL52HN,171,2481,6.89
CO27DU,400,5805,6.89
ST57HZ,768,11166,6.88
SL57AQ,123,1788,6.88
M282PD,294,4272,6.88
DE248QH,472,6861,6.88
BS206PR,993,14425,6.88
BN271DQ,502,7293,6.88
B360LN,484,7030,6.88
WD37DJ,538,7836,6.87
SG52JT,102,1485,6.87
PR27AA,903,13139,6.87
OX43XH,1729,25174,6.87
OL45AA,236,3434,6.87
GU470TF,491,7148,6.87
EN51LJ,137,1994,6.87
E173HX,298,4339,6.87
CM11NZ,779,11335,6.87
RM175SW,95,1385,6.86
NE65AH,57,831,6.86
HU192QB,303,4417,6.86
CW55NX,79,1152,6.86
B602LA,487,7096,6.86
SG75NR,558,8151,6.85
PE109NB,1768,25802,6.85
KT174PP,46,672,6.85
CH468TQ,236,3444,6.85
AL13TJ,541,7900,6.85
ST179YA,1061,15506,6.84
KT146NE,75,1096,6.84
HR68NQ,94,1375,6.84
BA201EG,494,7220,6.84
PR74HE,318,4659,6.83
GU479DE,989,14478,6.83
DN121JD,610,8928,6.83
DA163EB,746,10921,6.83
WR38PZ,325,4764,6.82
SS155PT,157,2301,6.82
MK65AZ,125,1833,6.82
L328RE,209,3066,6.82
CB249LF,1031,15113,6.82
WA20QG,380,5582,6.81
ST86HS,909,13349,6.81
SK118AA,523,7681,6.81
M409DJ,354,5202,6.81
CV58DQ,159,2335,6.81
BN99QX,635,9328,6.81
BD37EH,422,6200,6.81
WA160DA,251,3692,6.8
SY11TP,549,8074,6.8
PL158BA,266,3912,6.8
BS251HD,174,2560,6.8
WS110HP,72,1060,6.79
TS159AU,152,2240,6.79
TF42LL,947,13947,6.79
TA11DB,83,1223,6.79
SO403AQ,495,7289,6.79
SL43DG,309,4553,6.79
SG76BG,562,8282,6.79
RH159DY,1090,16059,6.79
OL128PW,771,11351,6.79
FY41DR,500,7362,6.79
BS78TR,627,9230,6.79
BH241JD,758,11164,6.79
BD71AD,217,3195,6.79
SO181FZ,532,7845,6.78
PO64FG,487,7188,6.78
BN159LQ,930,13718,6.78
B974BG,892,13147,6.78
UB108BA,45,665,6.77
SO186BT,148,2186,6.77
SK44HS,919,13573,6.77
LE45LJ,309,4567,6.77
CW14AU,366,5403,6.77
NR349SH,398,5884,6.76
NG77DA,174,2574,6.76
LE174EQ,753,11133,6.76
HX20LY,745,11015,6.76
DN11SD,911,13470,6.76
CW39EA,275,4066,6.76
BS166BP,896,13249,6.76
BB126SX,1498,22159,6.76
TW136BG,252,3733,6.75
TN376BS,186,2754,6.75
SO152AQ,68,1007,6.75
S401TX,685,10155,6.75
NG182JL,618,9161,6.75
LS102EU,492,7284,6.75
LE40RX,674,9984,6.75
KT152BQ,228,3376,6.75
E146GG,264,3911,6.75
BN113QA,151,2237,6.75
SY148NR,601,8923,6.74
ST56PL,175,2598,6.74
SK25JL,158,2344,6.74
SE109FZ,716,10624,6.74
S401BA,318,4716,6.74
NN15BE,1027,15238,6.74
LE77AB,1108,16436,6.74
UB12RW,220,3270,6.73
ST135DN,926,13762,6.73
SM68SF,295,4386,6.73
S71FJ,224,3326,6.73
S361BX,333,4947,6.73
NG21QA,299,4441,6.73
CV344RA,745,11063,6.73
BS216EW,668,9930,6.73
BN19JG,241,3581,6.73
B761NQ,183,2721,6.73
WD173AH,372,5535,6.72
SE191QG,325,4838,6.72
NW67HR,153,2277,6.72
CO11PX,125,1861,6.72
BB185AT,301,4478,6.72
SS09DD,983,14641,6.71
LS123PE,306,4558,6.71
GL556JX,58,865,6.71
CW16EJ,172,2562,6.71
WN86PW,908,13545,6.7
SO163BJ,362,5402,6.7
SN253DQ,726,10842,6.7
S80RY,450,6719,6.7
S56HH,245,3654,6.7
S24LW,540,8062,6.7
BS82LG,296,4415,6.7
SN17BY,204,3049,6.69
PE13LE,413,6170,6.69
HA55QY,328,4904,6.69
WA94EU,803,12024,6.68
SW177BG,88,1318,6.68
SG188DJ,372,5566,6.68
RM11DT,309,4628,6.68
BH191HS,378,5657,6.68
WV37DF,765,11470,6.67
W23JH,78,1170,6.67
SN21AD,111,1665,6.67
NN84PW,879,13173,6.67
RM81XU,97,1456,6.66
RH175LJ,275,4130,6.66
PO211QN,779,11705,6.66
MK125JR,606,9100,6.66
LS158DZ,692,10386,6.66
GU85HU,369,5543,6.66
WF41NF,362,5446,6.65
ST74EH,219,3292,6.65
SS88AA,542,8149,6.65
LA231AB,490,7370,6.65
KT122SB,610,9174,6.65
PO91AA,580,8739,6.64
M262SH,197,2969,6.64
LS260DB,474,7138,6.64
IP20RD,369,5558,6.64
GU526NY,484,7290,6.64
EN118FN,208,3131,6.64
E49RD,525,7909,6.64
CV370AQ,323,4863,6.64
CT66PD,600,9036,6.64
WN80AH,371,5600,6.63
SG12HW,285,4296,6.63
S404AQ,823,12421,6.63
ME207LN,616,9298,6.63
DN85NX,475,7165,6.63
BS42QB,1713,25820,6.63
BA129BR,313,4719,6.63
WF160DY,819,12377,6.62
PE261AE,645,9746,6.62
OL26QW,699,10559,6.62
DE723HE,702,10600,6.62
CR26EQ,54,816,6.62
CO11PY,612,9238,6.62
BH119DS,701,10590,6.62
TN91EP,48,726,6.61
S730DD,294,4449,6.61
MK401QE,344,5205,6.61
M333HD,340,5146,6.61
IG12LW,112,1694,6.61
HP91LW,396,5995,6.61
DN357DN,577,8733,6.61
CB21DP,406,6139,6.61
B388SD,254,3845,6.61
TN376AS,73,1106,6.6
SW129AZ,68,1031,6.6
ST42EQ,1351,20461,6.6
SS93NJ,219,3320,6.6
OX108DL,120,1817,6.6
BS119TU,583,8840,6.6
BR11PW,440,6668,6.6
YO311AN,1141,17311,6.59
WV125EA,714,10841,6.59
WD245EP,492,7461,6.59
SL38LE,326,4947,6.59
NE270NL,40,607,6.59
MK80AS,198,3006,6.59
LE26EN,158,2399,6.59
E106AA,188,2854,6.59
DN50AT,174,2641,6.59
WS66JZ,458,6965,6.58
SN104QH,90,1368,6.58
SE18XH,31,471,6.58
PO167DP,291,4424,6.58
DN344GB,513,7795,6.58
IG63DX,259,3940,6.57
CO92NJ,517,7868,6.57
BD37ND,411,6258,6.57
PO191RP,694,10583,6.56
CO40ET,739,11271,6.56
CH21AE,57,869,6.56
BN16AG,270,4116,6.56
BH152NZ,441,6719,6.56
WS107HB,413,6301,6.55
SS91BW,476,7265,6.55
LE127RX,336,5127,6.55
DL54NW,714,10894,6.55
DE238PF,740,11294,6.55
CO79PP,326,4977,6.55
BD39TY,769,11741,6.55
TW152BW,431,6592,6.54
SG180JE,334,5105,6.54
SE270SR,682,10429,6.54
NE65JT,587,8971,6.54
ME157LW,332,5080,6.54
LS249AD,851,13004,6.54
GU73RB,515,7875,6.54
BN159PS,283,4325,6.54
TN288LN,562,8609,6.53
ST41AR,331,5066,6.53
SK42LL,532,8149,6.53
PO332EN,816,12502,6.53
PE275BH,651,9977,6.53
IP224BE,478,7325,6.53
BD200PP,926,14186,6.53
BB80RY,88,1347,6.53
B114DA,148,2268,6.53
NG36DG,1027,15757,6.52
NG35JU,1033,15854,6.52
LA229AN,267,4097,6.52
CO34EQ,1036,15883,6.52
TN279QU,162,2488,6.51
SK164LG,749,11500,6.51
L380BN,201,3088,6.51
DY31JA,385,5913,6.51
CV213QF,246,3779,6.51
CB42DD,141,2166,6.51
SE58DX,73,1123,6.5
LN119QE,562,8647,6.5
LE45EE,658,10128,6.5
BS419AH,372,5725,6.5
TN126AX,361,5566,6.49
ST42JX,244,3761,6.49
SK26BY,389,5994,6.49
NG51FW,311,4790,6.49
TA245PB,481,7424,6.48
DN145BU,512,7903,6.48
BH119NJ,608,9383,6.48
PR30ZB,745,11515,6.47
NW73LJ,77,1191,6.47
NG52EF,56,865,6.47
CV59JB,318,4913,6.47
CR51SG,85,1314,6.47
HU179EY,525,8126,6.46
HA53EE,103,1595,6.46
GU299HH,290,4489,6.46
EX166AH,950,14713,6.46
DN68DN,382,5913,6.46
B629BB,470,7278,6.46
B324HB,331,5120,6.46
WS11HR,134,2078,6.45
TN249AF,572,8864,6.45
PE252AR,433,6716,6.45
LN11SR,1020,15823,6.45
HA35EQ,252,3910,6.45
GU527QP,892,13839,6.45
ST86AA,312,4841,6.44
NN100AA,144,2237,6.44
NE611NB,968,15025,6.44
M11FN,491,7627,6.44
KT111HT,570,8846,6.44
CW55BG,502,7798,6.44
YO84HE,1318,20482,6.43
TS233QB,409,6363,6.43
RH159DR,496,7708,6.43
NG71PZ,548,8528,6.43
M436HE,506,7869,6.43
CW111DH,363,5645,6.43
WF43EF,297,4629,6.42
UB81QU,449,6989,6.42
HD33XA,152,2367,6.42
GU12AA,1700,26489,6.42
EX12SN,635,9890,6.42
CR52NH,352,5480,6.42
YO304RZ,642,10011,6.41
SW196ER,335,5224,6.41
HU55AW,107,1669,6.41
RM64AL,660,10310,6.4
HX48AG,393,6142,6.4
DY60HA,139,2173,6.4
DN76RY,455,7108,6.4
DE12QS,722,11280,6.4
CT146AB,356,5559,6.4
CA81NT,809,12634,6.4
WD50BT,370,5787,6.39
W1T6NA,107,1675,6.39
TN248UL,20,313,6.39
RG141JX,663,10380,6.39
OX284AW,1053,16470,6.39
L336XE,90,1408,6.39
CR35UH,272,4254,6.39
B258TH,706,11056,6.39
NN141SN,1036,16235,6.38
GU97LP,1399,21934,6.38
B145QJ,423,6625,6.38
PE131RA,362,5681,6.37
BD235LS,504,7910,6.37
NG101BY,761,11972,6.36
B661AQ,517,8132,6.36
WR141JB,805,12673,6.35
WC1X8RH,149,2346,6.35
RH130LY,12,189,6.35
M114WE,912,14363,6.35
LE25DQ,573,9017,6.35
DE742LA,622,9801,6.35
CW55ET,415,6534,6.35
BN214HZ,75,1182,6.35
WF175SB,595,9388,6.34
WA32QZ,451,7118,6.34
S668LA,175,2759,6.34
IG75PZ,238,3753,6.34
HP65BD,496,7818,6.34
CV311NG,305,4812,6.34
CM179TE,1341,21152,6.34
BS31RE,1075,16965,6.34
B619LJ,135,2128,6.34
IP13LN,1863,29418,6.33
TS159XN,482,7625,6.32
N213AL,290,4586,6.32
LE55HH,884,13988,6.32
GL501HX,317,5016,6.32
E149WU,312,4938,6.32
BA112AH,723,11444,6.32
RG264HN,427,6771,6.31
LE113AG,606,9608,6.31
IP29TH,659,10439,6.31
GU153LN,255,4040,6.31
CM08BG,462,7319,6.31
CA110FA,289,4580,6.31
BA99AA,180,2854,6.31
B151LD,174,2757,6.31
SY11UW,124,1967,6.3
LU27UG,937,14873,6.3
LE31AU,386,6123,6.3
E174PW,24,381,6.3
M332TB,44,700,6.29
HA49PG,287,4565,6.29
GU33NA,617,9811,6.29
B774JA,299,4752,6.29
NN14EP,303,4822,6.28
AL73UA,99,1577,6.28
TS202QL,942,15027,6.27
SP47HQ,898,14316,6.27
PO211LG,450,7179,6.27
PE293NY,1061,16934,6.27
NG27JJ,165,2630,6.27
MK91AE,679,10826,6.27
LU20SJ,676,10775,6.27
HU128JS,385,6136,6.27
DY52AB,475,7574,6.27
HP11LE,1505,24054,6.26
WD65BT,106,1696,6.25
PE131HQ,258,4127,6.25
NG181JU,1146,18338,6.25
N195QT,340,5443,6.25
LS209BT,214,3423,6.25
HA85QT,177,2831,6.25
DE139NA,275,4398,6.25
CV14FS,118,1889,6.25
UB77BT,763,12231,6.24
TN343NE,223,3572,6.24
SG51BH,208,3332,6.24
NG125AA,650,10423,6.24
ME172QD,537,8607,6.24
BR31BN,423,6781,6.24
BH14BA,238,3813,6.24
B974RH,391,6264,6.24
WS149DX,1245,19979,6.23
SG192QT,92,1477,6.23
ME11HB,554,8899,6.23
DE143DW,472,7577,6.23
DA118RD,202,3244,6.23
TN401HX,390,6267,6.22
CA24BB,170,2733,6.22
BL23BG,445,7157,6.22
TS183DX,490,7894,6.21
DY98JT,143,2304,6.21
CT216PH,544,8754,6.21
SK57EN,497,8010,6.2
NR78AG,136,2194,6.2
MK403HU,294,4745,6.2
LA45LU,587,9473,6.2
L328UG,649,10475,6.2
HA39BU,253,4078,6.2
BN29DH,119,1918,6.2
WA75JU,263,4247,6.19
ST50BJ,524,8470,6.19
S602UA,308,4973,6.19
NN157ER,602,9718,6.19
LS72BB,1168,18860,6.19
DA159HG,533,8608,6.19
BA148TJ,633,10218,6.19
B647HU,42,678,6.19
TN299DQ,299,4840,6.18
SY12QT,746,12073,6.18
NE34BY,61,987,6.18
SS13JY,558,9046,6.17
SM69QF,61,988,6.17
RH80AS,258,4184,6.17
PO130AB,856,13874,6.17
NG200BN,608,9858,6.17
MK416DN,304,4928,6.17
M460BF,871,14110,6.17
DA124NF,790,12806,6.17
CA158AE,302,4894,6.17
OX13EX,106,1721,6.16
OL66HE,570,9252,6.16
GU140NA,461,7485,6.16
GL141PA,357,5797,6.16
CB41EG,207,3363,6.16
BR13RX,224,3635,6.16
SS120AN,1389,22568,6.15
S702BB,296,4813,6.15
NG157SL,1969,32012,6.15
DH65AU,73,1187,6.15
DH31LE,655,10643,6.15
CA166QR,73,1187,6.15
WA169EB,271,4414,6.14
WA13DF,688,11202,6.14
TW110NU,456,7426,6.14
RM141BJ,450,7330,6.14
PR23BJ,516,8408,6.14
OX116GD,196,3194,6.14
GU71DY,368,5998,6.14
BS70BD,341,5556,6.14
BS352AN,475,7739,6.14
YO255DL,195,3181,6.13
WS87JE,248,4048,6.13
WR53TY,234,3818,6.13
TW166QL,225,3672,6.13
SL17JZ,325,5300,6.13
S105NG,166,2707,6.13
NE209BD,19,310,6.13
LA46ND,778,12685,6.13
DH78NN,633,10325,6.13
BD157RA,1226,20008,6.13
S605BS,679,11101,6.12
PL159EB,54,882,6.12
OL101LR,341,5570,6.12
NG118AD,965,15756,6.12
N42DW,175,2861,6.12
N101BX,24,392,6.12
ME122DF,418,6827,6.12
E147HG,342,5592,6.12
TR148EF,735,12035,6.11
SK30LX,458,7502,6.11
LS251AR,339,5551,6.11
L229QD,130,2126,6.11
DN110TS,153,2503,6.11
TF125ET,156,2559,6.1
SP84FA,145,2376,6.1
SM69AN,296,4852,6.1
S669LP,330,5413,6.1
IP41BN,395,6473,6.1
HA14JU,207,3395,6.1
BB114NS,86,1409,6.1
AL108FH,519,8512,6.1
WV37LY,346,5680,6.09
ST44EA,545,8953,6.09
OL45AQ,314,5155,6.09
NG82QP,823,13523,6.09
B610LA,676,11092,6.09
B145NG,719,11804,6.09
TW136AE,450,7406,6.08
S662SE,1060,17436,6.08
GU71QU,59,970,6.08
CW95HQ,364,5987,6.08
BB185DY,401,6591,6.08
WA42AG,348,5736,6.07
S174DP,290,4781,6.07
IP288JQ,79,1301,6.07
W139RL,138,2279,6.06
BN33YJ,242,3993,6.06
B170AT,539,8897,6.06
TN377JZ,370,6120,6.05
LE673XA,669,11066,6.05
HP13LE,254,4197,6.05
TW184LW,448,7415,6.04
TN237SG,1029,17050,6.04
SN95ES,157,2600,6.04
SN252FW,281,4652,6.04
RG170BN,296,4903,6.04
PE67UY,422,6987,6.04
NR103AF,571,9446,6.04
HD89HR,221,3658,6.04
DA99NX,324,5362,6.04
CT195QX,387,6408,6.04
NE334RD,61,1012,6.03
DE240DW,24,398,6.03
CM248XG,571,9465,6.03
SY50QJ,207,3441,6.02
BA12HA,464,7703,6.02
PL72AU,327,5445,6.01
PE293BD,398,6622,6.01
GU513AF,140,2331,6.01
BH179DW,698,11611,6.01
TN86HF,116,1932,6.0
RG456LT,386,6436,6.0
RG224AQ,454,7568,6.0
PR69LP,253,4218,6.0
TN62ED,113,1885,5.99
ME12AB,689,11499,5.99
M239HN,142,2370,5.99
E35ED,603,10066,5.99
CV213QH,277,4623,5.99
B375BU,248,4143,5.99
S802AS,1777,29710,5.98
S668ND,447,7476,5.98
PL97BS,428,7160,5.98
EX47HU,155,2590,5.98
CV128NW,1595,26667,5.98
WV113RF,343,5747,5.97
WF44NQ,314,5258,5.97
NR133QX,24,402,5.97
EN26PJ,180,3014,5.97
FY39ES,47,788,5.96
CR83EH,172,2887,5.96
BN31DG,319,5351,5.96
RM37JP,521,8756,5.95
HD14DT,1438,24165,5.95
GU216BG,21,353,5.95
TN377AX,119,2005,5.94
SK58BS,279,4700,5.94
IP14HA,176,2961,5.94
BS65NW,464,7816,5.94
B650EP,219,3693,5.93
WR98RT,663,11206,5.92
PE218QN,348,5876,5.92
NE296QJ,362,6113,5.92
LU55BJ,1532,25896,5.92
L44AF,478,8080,5.92
KT227AW,195,3293,5.92
CT52AY,156,2633,5.92
S65FL,594,10057,5.91
NG241XX,513,8686,5.91
NG237LB,76,1286,5.91
NG163AW,134,2266,5.91
MK452NJ,530,8974,5.91
MK402QD,498,8423,5.91
L392DN,157,2658,5.91
KT80HP,279,4721,5.91
DY116LD,729,12327,5.91
WS86HG,205,3473,5.9
OL26LS,162,2745,5.9
M410SU,126,2137,5.9
KT33LX,490,8308,5.9
CV471PH,50,847,5.9
BS165JS,141,2388,5.9
B461RD,235,3984,5.9
AL74BH,169,2864,5.9
ME80PX,623,10578,5.89
CV115HQ,750,12724,5.89
CO29LA,237,4024,5.89
BS165HD,118,2003,5.89
BR33BQ,156,2648,5.89
B170SU,379,6433,5.89
WA35HH,353,6000,5.88
ST158AW,269,4578,5.88
SR51NA,449,7634,5.88
SL66HB,175,2978,5.88
PO381RZ,191,3246,5.88
LE40AJ,219,3726,5.88
EN13BX,116,1972,5.88
ST52AX,596,10157,5.87
SO192QB,473,8055,5.87
NG24HG,639,10880,5.87
MK22BA,226,3848,5.87
LU49LF,240,4087,5.87
KT12LY,214,3647,5.87
GU71RL,36,613,5.87
B440HH,450,7664,5.87
ST31HD,303,5173,5.86
LA95AS,116,1980,5.86
GU350TQ,620,10581,5.86
CH11NZ,171,2916,5.86
SK141NX,453,7744,5.85
PO119EF,47,803,5.85
N64ER,215,3673,5.85
HP124UD,328,5609,5.85
BL18DT,333,5697,5.85
WV73QG,459,7866,5.84
SM52HG,45,770,5.84
M329BB,121,2072,5.84
LS103NB,435,7449,5.84
DN211LP,224,3833,5.84
DH13DG,43,736,5.84
BD22AR,496,8492,5.84
RH121HJ,147,2522,5.83
CV364AF,471,8085,5.83
ME39RA,317,5449,5.82
M169WR,407,6989,5.82
DL12RX,597,10251,5.82
B277XZ,530,9114,5.82
TF11DR,76,1309,5.81
NG95BA,323,5556,5.81
NE231BA,288,4959,5.81
ME65AG,329,5663,5.81
LE100PL,962,16548,5.81
ST162AR,160,2760,5.8
HP235BN,885,15247,5.8
EX43SR,187,3223,5.8
W93RA,456,7881,5.79
S321DP,157,2713,5.79
PO381SW,402,6941,5.79
NG182BU,1294,22341,5.79
IP30NF,695,12002,5.79
DN119QJ,214,3698,5.79
CT147NE,967,16697,5.79
BN271AX,64,1106,5.79
NE119BD,46,796,5.78
FY82EA,407,7036,5.78
DE757DT,618,10686,5.78
BN16JF,73,1264,5.78
WV112JW,319,5527,5.77
WN58AG,158,2737,5.77
WF58NW,921,15953,5.77
SG51BG,107,1853,5.77
PO35EF,449,7778,5.77
GU212PX,71,1231,5.77
DH21DA,264,4577,5.77
CM79BY,438,7592,5.77
TF11HW,345,5991,5.76
ST42QX,1407,24427,5.76
SN151HP,154,2675,5.76
PE283EG,157,2726,5.76
NN171AE,261,4529,5.76
ME104AW,82,1424,5.76
HD80HB,342,5939,5.76
DA12JS,234,4066,5.76
BD150AS,197,3418,5.76
TF26AH,78,1356,5.75
SS67SA,166,2885,5.75
MK64NE,223,3877,5.75
LS84HT,385,6697,5.75
LE33DH,679,11801,5.75
LA46BY,348,6052,5.75
GU28AE,220,3825,5.75
DL150PF,240,4177,5.75
BD232UE,797,13868,5.75
SK122BB,314,5475,5.74
RH117GU,99,1724,5.74
NG104ER,640,11157,5.74
HU52EJ,660,11503,5.74
HP225ND,135,2351,5.74
GU147AN,522,9096,5.74
CM129AX,101,1760,5.74
B975EP,870,15164,5.74
SS08NU,46,803,5.73
NW23EJ,47,820,5.73
LA31QF,420,7336,5.73
FY45AX,33,576,5.73
NR65NZ,475,8308,5.72
GU146AU,478,8350,5.72
DE61AE,560,9787,5.72
RH176HB,526,9214,5.71
PR31FA,6,105,5.71
PL72HJ,89,1558,5.71
DY81ND,98,1716,5.71
CB12HA,156,2731,5.71
PO143DS,47,825,5.7
PE73LP,622,10906,5.7
KT139PT,172,3018,5.7
TN56DF,242,4253,5.69
LS176LD,54,949,5.69
CT101JR,430,7555,5.69
CM120BJ,719,12628,5.69
S713AA,403,7090,5.68
RM13LP,283,4979,5.68
PR46AS,842,14812,5.68
M203NA,161,2836,5.68
IP224QQ,45,792,5.68
EX52UX,147,2588,5.68
CO39DJ,314,5532,5.68
ME80DH,434,7655,5.67
LS96AP,310,5465,5.67
HA52QG,495,8737,5.67
FY84GW,424,7478,5.67
EX202DT,267,4707,5.67
OX165NG,130,2296,5.66
NR349TB,1179,20826,5.66
MK403QY,178,3145,5.66
KT34QS,433,7651,5.66
IP331HP,249,4399,5.66
CB99LA,752,13287,5.66
B761PA,418,7379,5.66
NR13HP,20,354,5.65
NG22JY,437,7740,5.65
NE258TB,215,3804,5.65
HU164BB,183,3241,5.65
HR96BJ,767,13587,5.65
E143UU,193,3415,5.65
DN33AL,283,5005,5.65
BA27AY,164,2905,5.65
SO452QL,754,13379,5.64
DY81TS,42,745,5.64
CV344JP,453,8026,5.64
CH637PG,314,5569,5.64
TN231FB,1172,20812,5.63
NW61NJ,52,924,5.63
LA94LL,61,1083,5.63
CR42PE,381,6762,5.63
CM72QH,206,3661,5.63
TQ88FE,171,3042,5.62
PO203RY,51,908,5.62
ME44RY,832,14794,5.62
E153ET,31,552,5.62
CB87BT,255,4539,5.62
WF103JJ,157,2797,5.61
RG421SY,138,2460,5.61
NN67RE,152,2710,5.61
HP43BD,149,2657,5.61
CT53LD,12,214,5.61
B911BQ,101,1801,5.61
WS54JJ,128,2284,5.6
W129AU,89,1589,5.6
TN129HR,227,4053,5.6
N41HE,82,1463,5.6
M274AF,709,12659,5.6
CV376HT,112,1999,5.6
S352US,771,13797,5.59
RG215SA,193,3452,5.59
NE359AR,342,6115,5.59
DA83HG,178,3186,5.59
WD48BH,55,986,5.58
LE21ND,174,3121,5.58
LE114RZ,195,3492,5.58
BH177XW,490,8782,5.58
BB55AB,23,412,5.58
TN131DJ,529,9494,5.57
SW23PJ,128,2296,5.57
LE102DB,326,5852,5.57
DN162AQ,311,5582,5.57
BA13DU,366,6572,5.57
PE38EU,667,12000,5.56
DN140AA,438,7881,5.56
CW109DP,516,9284,5.56
SN47AX,470,8472,5.55
EX43QR,98,1767,5.55
CV65AH,2314,41716,5.55
WA14EP,562,10136,5.54
SY111AF,434,7834,5.54
RH121SL,411,7414,5.54
N160PH,123,2219,5.54
GL501XN,791,14278,5.54
DT12JY,281,5072,5.54
CM120UA,73,1318,5.54
BS217SR,329,5943,5.54
TS252AX,391,7072,5.53
SO224NY,974,17624,5.53
SK97NT,432,7811,5.53
HR12HG,108,1953,5.53
TQ71ED,18,326,5.52
PE25PR,320,5793,5.52
NG55DF,429,7765,5.52
CW27EH,193,3495,5.52
ME122RN,21,381,5.51
DN329QR,200,3628,5.51
DH33EZ,869,15764,5.51
CV225BP,129,2343,5.51
CB88JH,346,6280,5.51
SE50TJ,56,1019,5.5
PL15HW,298,5417,5.5
DY122AP,679,12347,5.5
CM71EY,863,15682,5.5
TN120LB,348,6337,5.49
PE192AW,75,1365,5.49
DE159RQ,63,1147,5.49
CO38NZ,265,4827,5.49
WN71HR,53,967,5.48
RH125PJ,16,292,5.48
NN57AB,229,4178,5.48
NN11JX,380,6939,5.48
M155RD,331,6045,5.48
LU32QF,386,7050,5.48
LS119NS,285,5197,5.48
EX79HB,185,3377,5.48
WR98AQ,515,9414,5.47
TN343NW,417,7619,5.47
NN74PL,454,8298,5.47
KT125LR,89,1626,5.47
BH229AU,260,4756,5.47
OL11DU,169,3098,5.46
L355AF,44,806,5.46
EX141BU,605,11081,5.46
BN163EY,19,348,5.46
BR51LA,242,4444,5.45
SO419NH,658,12102,5.44
NG162NB,309,5680,5.44
PO376JY,12,221,5.43
IG89EF,86,1583,5.43
GU236AQ,114,2099,5.43
BD183FB,1212,22327,5.43
B179TH,37,681,5.43
TA81AT,113,2085,5.42
HA87JZ,60,1106,5.42
BH140BD,31,572,5.42
S401NF,976,18048,5.41
NN38AW,428,7916,5.41
NG208AL,77,1422,5.41
M283AQ,359,6635,5.41
M204RQ,65,1201,5.41
IG103HN,166,3069,5.41
DE11RS,231,4266,5.41
BD133EY,356,6583,5.41
BA21SX,317,5863,5.41
S139NE,256,4739,5.4
LU74SW,56,1037,5.4
HU74EE,831,15417,5.39
E16BD,160,2967,5.39
DT11TP,356,6605,5.39
DH90JL,64,1188,5.39
BS78UG,292,5421,5.39
SO452LF,116,2156,5.38
SM51HE,106,1972,5.38
E84AR,108,2009,5.38
NG177AP,659,12277,5.37
LS260BE,415,7733,5.37
B495DX,102,1898,5.37
WN86UH,287,5355,5.36
TR13JD,117,2183,5.36
S701AW,428,7988,5.36
ME101DR,658,12274,5.36
HR74AE,261,4872,5.36
SW184EE,369,6892,5.35
S122AQ,153,2861,5.35
CW55ED,180,3363,5.35
BS231YE,34,636,5.35
SP13TE,115,2152,5.34
SO410QF,63,1179,5.34
HA85LE,15,281,5.34
E112HY,66,1236,5.34
BL11PP,271,5077,5.34
AL49RG,45,843,5.34
TN234ER,330,6191,5.33
SM39ES,65,1219,5.33
SK118DG,199,3735,5.33
S651DZ,440,8256,5.33
BN59DA,120,2251,5.33
RG122LU,222,4174,5.32
NG52GE,745,14002,5.32
NG316DE,1035,19466,5.32
N14AX,59,1109,5.32
HD59BU,405,7608,5.32
DN60HY,437,8219,5.32
DH44DN,731,13745,5.32
BN33QA,119,2238,5.32
ST136DS,44,829,5.31
EX332EU,118,2222,5.31
WF81DF,252,4757,5.3
WF101JD,1104,20848,5.3
LN44SG,281,5306,5.3
KT47NL,255,4811,5.3
IP327EW,316,5959,5.3
CO153DS,605,11416,5.3
NN15LT,196,3705,5.29
LU73HH,418,7895,5.29
LE26EG,754,14254,5.29
CW112JU,243,4604,5.28
BR28NQ,46,871,5.28
TW80EW,153,2902,5.27
TS260TB,379,7187,5.27
SO185FL,211,4002,5.27
SG11DH,337,6397,5.27
RG54BE,1148,21767,5.27
LS158BA,144,2735,5.27
CW97DS,330,6260,5.27
CV359SB,643,12201,5.27
SE218JB,37,703,5.26
OX298BD,135,2567,5.26
L366DY,76,1444,5.26
L353RF,327,6218,5.26
GL502AS,530,10070,5.26
TF91JP,383,7289,5.25
TF107EA,242,4609,5.25
RH204LA,81,1543,5.25
NG177DA,645,12295,5.25
NG145AE,447,8516,5.25
YO613AD,316,6033,5.24
TF11DG,79,1507,5.24
SO533AL,720,13737,5.24
M259PS,176,3358,5.24
AL72AX,208,3972,5.24
W45JQ,258,4935,5.23
TS89JH,307,5867,5.23
TF50LW,36,688,5.23
SO505RB,594,11366,5.23
S58TQ,215,4112,5.23
HX50AB,389,7435,5.23
HU69BX,222,4246,5.23
EX111TP,207,3955,5.23
B755BL,323,6171,5.23
B735DA,237,4533,5.23
SW1P2HY,32,613,5.22
SW181GG,370,7086,5.22
RG304AA,369,7068,5.22
PE275BX,2194,42028,5.22
TS179HA,498,9565,5.21
SY30HT,233,4476,5.21
SK84QB,580,11138,5.21
L153JJ,547,10490,5.21
EX392AS,516,9905,5.21
BN209QX,404,7758,5.21
B602NE,300,5759,5.21
PO119LG,114,2191,5.2
NG250BH,468,8992,5.2
DH33PQ,54,1039,5.2
BS167AR,530,10185,5.2
SY11JJ,72,1388,5.19
PL14DX,11,212,5.19
NR58AD,260,5007,5.19
HA48NR,34,655,5.19
DT102RG,46,886,5.19
DE451DS,152,2929,5.19
BS70NQ,209,4028,5.19
BD132BD,148,2849,5.19
FY81DA,111,2144,5.18
BD164BL,67,1294,5.18
WS100ED,450,8711,5.17
DA162PL,117,2264,5.17
CH445UF,78,1510,5.17
BN26PA,276,5338,5.17
TA66PR,329,6371,5.16
DN214NG,286,5548,5.16
DE216HD,475,9214,5.16
AL37LW,131,2540,5.16
PR77HZ,526,10221,5.15
PO215SB,638,12389,5.15
LS124AD,289,5613,5.15
LE84DN,821,15937,5.15
HA38SB,143,2775,5.15
EN76QQ,512,9933,5.15
BR68AE,212,4118,5.15
BN32BB,81,1572,5.15
WS107AR,241,4690,5.14
HU74YG,59,1147,5.14
CV36TA,1609,31279,5.14
NG122FD,372,7256,5.13
NE136LW,320,6242,5.13
LU72RN,41,800,5.13
HA28BW,177,3448,5.13
BS45AH,118,2298,5.13
DY32DA,244,4764,5.12
DE551BQ,484,9453,5.12
SY81DB,12,235,5.11
S637HF,328,6421,5.11
RH14AW,523,10228,5.11
PO226BW,289,5652,5.11
IP287EE,227,4443,5.11
ST32BS,730,14306,5.1
SO303HA,97,1903,5.1
PL219GX,54,1058,5.1
NE499HN,280,5493,5.1
IG50NZ,227,4450,5.1
EN51PX,111,2175,5.1
DN329AS,803,15748,5.1
BA32DY,175,3429,5.1
TF42AH,672,13200,5.09
KT246AX,54,1060,5.09
HU181LL,306,6006,5.09
E49AA,37,727,5.09
DE141AN,1128,22150,5.09
WV69EH,60,1180,5.08
UB81LB,343,6754,5.08
S139BN,765,15050,5.08
NE110EN,278,5474,5.08
N129AB,13,256,5.08
CM13EA,217,4268,5.08
CA118HR,45,885,5.08
BS20EZ,158,3111,5.08
TN206AW,145,2862,5.07
PL131JN,51,1005,5.07
N144BB,45,888,5.07
LE676LH,520,10265,5.07
GL102NG,110,2168,5.07
CW15RE,378,7451,5.07
CH418AX,216,4264,5.07
TQ95AD,70,1384,5.06
PE191JL,423,8353,5.06
HP39BE,18,356,5.06
BS273BE,178,3518,5.06
BH231PD,68,1343,5.06
SK118SR,98,1939,5.05
M67NJ,350,6927,5.05
LS14AF,338,6698,5.05
SW152TX,79,1566,5.04
S401LQ,641,12726,5.04
HU106AH,208,4128,5.04
HP84QA,26,516,5.04
GU68AJ,45,893,5.04
CH459LB,180,3570,5.04
PO93EZ,686,13628,5.03
PO202HS,22,437,5.03
CW55NF,30,596,5.03
BD40PY,773,15372,5.03
BB45TE,455,9049,5.03
TA245DY,215,4286,5.02
RH202BP,142,2831,5.02
LE181JW,68,1354,5.02
L221RG,310,6178,5.02
HP41AJ,373,7429,5.02
SE191PW,42,838,5.01
NE77UH,217,4329,5.01
CW83NG,48,959,5.01
YO306AW,72,1439,5.0
WV106BA,448,8956,5.0
UB68BZ,153,3059,5.0
ST72ET,720,14391,5.0
RH163AX,145,2898,5.0
RH124HD,93,1860,5.0
NE18JQ,156,3118,5.0
M297DY,122,2441,5.0
BS374AP,901,18033,5.0
B632DB,90,1799,5.0
PR42AH,37,741,4.99
DY98BX,92,1842,4.99
SE181PP,241,4836,4.98
WV30DZ,62,1248,4.97
TA12LB,218,4390,4.97
LE42BA,457,9194,4.97
DL159BE,678,13649,4.97
CV212PN,609,12259,4.97
CM95QP,325,6537,4.97
B289HT,196,3943,4.97
TS178AF,466,9390,4.96
ST136BH,504,10161,4.96
PR56TP,69,1390,4.96
SM45BQ,716,14475,4.95
PR56QE,251,5075,4.95
LS211BQ,152,3071,4.95
IP68AT,271,5475,4.95
HP53AS,102,2061,4.95
HA85EN,42,849,4.95
HA30XS,270,5458,4.95
TQ69JY,37,749,4.94
TN299DT,69,1397,4.94
SW184JE,264,5343,4.94
NG316SE,443,8968,4.94
GL72DE,537,10868,4.94
DY81RF,245,4957,4.94
SO403DE,484,9823,4.93
SG64TS,118,2392,4.93
NN168JB,256,5195,4.93
NN160EF,67,1358,4.93
IP117EG,167,3384,4.93
BR87AP,102,2069,4.93
BN16UG,51,1035,4.93
B980EP,299,6061,4.93
SW164DN,268,5452,4.92
SO199DX,383,7783,4.92
RH125JL,821,16672,4.92
RG315AT,174,3538,4.92
E175JN,467,9497,4.92
CO70UD,292,5937,4.92
BS345JN,578,11738,4.92
BS154AD,385,7829,4.92
SP102JQ,167,3401,4.91
OX110AG,468,9535,4.91
OL115PT,115,2344,4.91
DE118HY,639,13014,4.91
WS149BU,144,2938,4.9
SG175DG,133,2714,4.9
RH185ES,232,4735,4.9
OX27BD,19,388,4.9
HA30UN,69,1407,4.9
BN14EQ,202,4119,4.9
TW209LF,245,5013,4.89
PR76JH,652,13323,4.89
NN15AL,174,3555,4.89
HD75QX,466,9530,4.89
EX111BW,205,4192,4.89
UB109PF,213,4363,4.88
RH67DT,25,512,4.88
NN81LU,810,16593,4.88
L219HA,93,1905,4.88
HD15NE,378,7744,4.88
BS328EF,125,2563,4.88
S122SX,419,8610,4.87
HU36PB,908,18626,4.87
DE216PE,488,10026,4.87
CA79BF,645,13240,4.87
BD30JF,505,10378,4.87
TQ45AT,63,1297,4.86
PR86PY,27,556,4.86
NE280AA,341,7021,4.86
B192SX,544,11198,4.86
SP11DP,570,11750,4.85
GU152JB,27,557,4.85
BN213LE,310,6388,4.85
WD33DB,417,8607,4.84
TW152TW,151,3122,4.84
NG93JA,520,10743,4.84
GL24WD,501,10358,4.84
DN91ES,442,9127,4.84
CM131LR,296,6119,4.84
BN251RU,41,847,4.84
WD34DE,115,2382,4.83
ST74EW,72,1491,4.83
E138PS,148,3067,4.83
DE656LP,270,5588,4.83
RM154BX,33,684,4.82
RG278NZ,51,1059,4.82
NR47HN,794,16484,4.82
HU179BZ,542,11235,4.82
GU341HN,74,1534,4.82
DE236AN,155,3213,4.82
HD58DB,186,3868,4.81
GU166LE,77,1602,4.81
EX151AB,131,2723,4.81
DE75QU,387,8040,4.81
TN325AE,39,812,4.8
RG249DS,506,10535,4.8
PO157LS,9,188,4.79
LS208AL,171,3573,4.79
DY85RT,148,3088,4.79
WS11QU,390,8151,4.78
TS170WA,106,2217,4.78
SW129QR,66,1382,4.78
SE92PH,104,2174,4.78
ME156JJ,30,627,4.78
LE88AS,281,5882,4.78
GL51BB,650,13586,4.78
DE217EU,71,1485,4.78
CM144BJ,53,1109,4.78
WV67QL,137,2875,4.77
TR148JZ,39,817,4.77
SE58QZ,169,3543,4.77
HU170DX,62,1300,4.77
BL11SQ,54,1132,4.77
BD226NL,214,4483,4.77
TN158BB,35,735,4.76
SW170RR,102,2143,4.76
ME23ST,47,988,4.76
ME138GD,169,3549,4.76
LE129AL,142,2982,4.76
IP16NF,94,1974,4.76
BA202QG,14,294,4.76
TW31HA,71,1495,4.75
ST34JD,863,18167,4.75
PO91QT,113,2380,4.75
LA105BL,235,4948,4.75
SW154LB,20,422,4.74
S640DB,189,3985,4.74
GU299DQ,60,1266,4.74
DH11QF,209,4407,4.74
SW96AF,170,3597,4.73
SK95ND,335,7075,4.73
NG163GD,450,9511,4.73
M80JL,307,6484,4.73
LE673JB,447,9446,4.73
WF11JR,668,14140,4.72
SY111AD,74,1569,4.72
CB29NH,235,4978,4.72
B629SS,326,6901,4.72
TN376JB,266,5665,4.7
NW104ST,53,1128,4.7
NN45DW,432,9197,4.7
NE227DU,199,4238,4.7
LN11TT,194,4128,4.7
E140ED,260,5532,4.7
TN49NH,100,2131,4.69
S181PE,225,4794,4.69
NN40NY,558,11893,4.69
NG54JH,224,4775,4.69
DN92AT,310,6615,4.69
N212LD,92,1964,4.68
ME74NB,521,11143,4.68
LE192HL,78,1667,4.68
WV109QU,186,3985,4.67
SY112SP,78,1669,4.67
ST101EG,369,7909,4.67
CT27AB,101,2162,4.67
BN38LD,269,5759,4.67
SG54LY,206,4423,4.66
DE243DS,463,9938,4.66
BN148AE,384,8238,4.66
YO317PB,174,3740,4.65
TQ122HP,507,10906,4.65
NW22JL,141,3031,4.65
KT174DB,241,5180,4.65
B459JR,128,2754,4.65
LA26DZ,58,1249,4.64
BD164BD,170,3660,4.64
KT48SX,37,801,4.62
DE30DA,133,2879,4.62
BS481AU,24,520,4.62
B459HP,212,4592,4.62
ST13NF,476,10328,4.61
LE156LT,37,802,4.61
KT121JB,111,2410,4.61
B700PX,362,7851,4.61
GU248LA,187,4063,4.6
DY31SR,32,695,4.6
CB223BG,77,1675,4.6
BD73NN,187,4065,4.6
B694DX,393,8539,4.6
YO304WL,38,827,4.59
WD62BX,19,414,4.59
S433UX,746,16261,4.59
S102TT,27,588,4.59
RM175XY,558,12168,4.59
M144LP,301,6556,4.59
HP65DW,158,3442,4.59
HP112BE,36,784,4.59
BD231RU,27,588,4.59
SY11JQ,67,1463,4.58
PO107AW,186,4065,4.58
IP121BL,51,1113,4.58
HR12DE,262,5724,4.58
BR75LX,88,1923,4.58
KT146DH,54,1181,4.57
CM26RF,471,10314,4.57
ST135JF,19,417,4.56
LA94BH,234,5129,4.56
HG12JB,177,3879,4.56
RM191SX,256,5630,4.55
HU139AE,66,1451,4.55
BH211NL,22,484,4.55
UB100BJ,31,683,4.54
NN49UW,72,1586,4.54
HX62AL,484,10652,4.54
AL48AA,35,771,4.54
S804DE,243,5360,4.53
ME121AB,218,4816,4.53
IG95BZ,16,353,4.53
EN11HT,332,7331,4.53
DN40TS,299,6595,4.53
CT202BE,21,464,4.53
B114LP,220,4856,4.53
WV164BB,251,5552,4.52
PO62EH,168,3715,4.52
OX165ER,337,7450,4.52
NG317DL,258,5707,4.52
HU106LN,35,775,4.52
B913SB,33,730,4.52
WS136DZ,124,2752,4.51
ME86JU,689,15275,4.51
TN131AH,243,5399,4.5
NG347RL,685,15213,4.5
HD14EN,488,10842,4.5
KT124HW,92,2051,4.49
PO215HG,19,424,4.48
NN14LB,50,1116,4.48
B495AE,20,446,4.48
B153HN,34,759,4.48
LE45ED,317,7091,4.47
HD58LR,530,11863,4.47
DE74NU,588,13160,4.47
CT215JJ,311,6959,4.47
BN33AF,141,3155,4.47
S404SL,380,8526,4.46
PR54AY,49,1099,4.46
ME87HX,106,2375,4.46
GL44PH,165,3701,4.46
EX11SX,125,2800,4.46
CM144BA,24,538,4.46
DA37EG,75,1685,4.45
B95DN,67,1504,4.45
RG145DD,84,1890,4.44
OL114DQ,616,13887,4.44
S738DD,355,8018,4.43
PR75TF,47,1060,4.43
NG171AE,367,8279,4.43
BR27JE,121,2734,4.43
SS165SA,168,3798,4.42
SS141ET,297,6725,4.42
S651DY,602,13607,4.42
NE14PG,116,2622,4.42
N134PP,38,860,4.42
GU466NR,192,4346,4.42
BN18XQ,73,1652,4.42
B421ES,420,9509,4.42
WD171AA,259,5873,4.41
TA190AJ,60,1360,4.41
NN169LN,166,3768,4.41
EX392HW,285,6456,4.41
CR26AH,31,703,4.41
BA32QB,418,9468,4.41
WS41NA,70,1591,4.4
TN317JE,77,1750,4.4
TF28DP,386,8781,4.4
TA218LA,187,4254,4.4
BN443GG,243,5524,4.4
E79LW,313,7132,4.39
DE233TX,234,5336,4.39
YO177JP,133,3037,4.38
SN21AB,550,12562,4.38
GL155RF,490,11195,4.38
RH98AG,172,3933,4.37
WV164QT,44,1009,4.36
NG98DA,242,5554,4.36
LE72HA,247,5661,4.36
IG38XF,21,482,4.36
DY82AG,200,4585,4.36
CV470HF,226,5183,4.36
CB41DA,272,6233,4.36
WA58UG,300,6890,4.35
DA83HF,351,8077,4.35
RG109DN,137,3155,4.34
BS66RD,84,1935,4.34
BN68AR,145,3341,4.34
WA89UH,352,8131,4.33
CO152NB,249,5757,4.33
BB25LL,84,1941,4.33
IG45DF,37,857,4.32
IG38SU,56,1297,4.32
HU107AA,233,5396,4.32
DY139AE,394,9126,4.32
CR41BD,97,2245,4.32
BD195AP,63,1460,4.32
RM108QS,235,5453,4.31
RG27HE,569,13192,4.31
OX37BH,184,4272,4.31
OX128DJ,227,5268,4.31
E50LH,177,4111,4.31
DT36NQ,54,1253,4.31
CB88SX,515,11940,4.31
LS42HD,294,6842,4.3
LE53DF,227,5273,4.3
HA47DA,78,1812,4.3
EX46RY,21,488,4.3
DE223AD,245,5695,4.3
CW71AT,34,791,4.3
WN67PJ,389,9062,4.29
SK64HT,266,6196,4.29
RH193LH,71,1655,4.29
DN156HX,145,3378,4.29
DE216AH,250,5829,4.29
WA102DJ,256,5977,4.28
RH41QE,158,3693,4.28
DE224AU,311,7264,4.28
OL67SR,65,1523,4.27
OL37DD,53,1242,4.27
CH663PG,397,9305,4.27
RG75AH,60,1408,4.26
NN142RL,399,9366,4.26
NG57DJ,226,5310,4.26
HG50EQ,52,1222,4.26
DY139EE,107,2516,4.25
DN123JH,141,3315,4.25
B448TB,248,5837,4.25
WF12QJ,77,1814,4.24
SR81AL,549,12938,4.24
PE78DS,23,543,4.24
M155WD,114,2691,4.24
E114HX,267,6302,4.24
DE141JE,78,1840,4.24
CM59JJ,148,3492,4.24
BH48DT,206,4859,4.24
B807HR,53,1250,4.24
TQ109AL,77,1821,4.23
SK223ES,81,1915,4.23
RG248LT,374,8832,4.23
PE46NB,367,8681,4.23
NR172BN,96,2272,4.23
M251PZ,57,1348,4.23
LE32FS,102,2414,4.23
L15DL,341,8052,4.23
BB99TD,57,1347,4.23
B797JN,240,5668,4.23
TN233JJ,57,1350,4.22
S602SW,353,8362,4.22
PE114NJ,455,10778,4.22
DA74QX,79,1873,4.22
SP27RP,52,1234,4.21
SO304FQ,94,2232,4.21
SN81HF,49,1163,4.21
PO29HE,236,5604,4.21
PO200QE,50,1188,4.21
HD33NF,308,7322,4.21
DE231PX,452,10739,4.21
CO123JT,61,1448,4.21
B744AL,239,5677,4.21
YO112LQ,166,3957,4.2
WR141AJ,383,9123,4.2
SY120EP,36,858,4.2
RG213BZ,12,286,4.2
ME11DJ,354,8426,4.2
SW129HS,105,2508,4.19
S63TA,246,5873,4.19
BS78AE,286,6820,4.19
B504DA,68,1624,4.19
SE156ND,278,6649,4.18
OX161AP,310,7410,4.18
NG85GA,244,5837,4.18
IP13QJ,159,3808,4.18
BN115BH,190,4544,4.18
SY111RE,142,3414,4.16
NE236RA,984,23657,4.16
DY102AW,148,3555,4.16
DN312AW,399,9593,4.16
PO138AT,426,10260,4.15
LE131JZ,11,265,4.15
ST72AA,20,483,4.14
SK121RD,38,917,4.14
RG89AB,30,725,4.14
LE156BG,65,1569,4.14
CM82BJ,38,917,4.14
SK121EU,40,968,4.13
S366BR,451,10916,4.13
NE31DX,51,1234,4.13
M333ND,248,5998,4.13
LE30LP,195,4721,4.13
HP270AE,42,1017,4.13
FY85EP,959,23203,4.13
DY116LS,37,895,4.13
BB26AY,69,1672,4.13
B330HS,354,8562,4.13
TW33HW,289,7023,4.12
DY20LN,152,3687,4.12
DL37PL,779,18925,4.12
BB79SP,64,1553,4.12
BA24BQ,55,1336,4.12
NG162NH,33,803,4.11
EX82NH,226,5499,4.11
DN350AB,398,9690,4.11
DL78SE,50,1218,4.11
BS309QW,148,3599,4.11
TF26AG,750,18304,4.1
LU71AH,257,6274,4.1
DN110NS,415,10122,4.1
SE280ER,169,4132,4.09
PO160NX,209,5113,4.09
B263DX,174,4258,4.09
WS71AQ,367,8986,4.08
W1U1EQ,16,392,4.08
SY37DN,6,147,4.08
ST66BD,534,13075,4.08
PR15XE,29,711,4.08
M68FZ,56,1371,4.08
LS175AX,104,2548,4.08
BN25JR,219,5373,4.08
SW208PF,50,1230,4.07
SO454JA,87,2137,4.07
LS62AD,432,10606,4.07
LE52NN,161,3958,4.07
IP141DL,359,8813,4.07
BN251NT,223,5483,4.07
OX128DR,155,3819,4.06
BH211DU,56,1381,4.06
W129RB,67,1653,4.05
NR289BP,434,10715,4.05
DE78JD,595,14683,4.05
DE212DF,229,5657,4.05
CH457LX,222,5501,4.04
WN80PB,45,1117,4.03
BB50DE,100,2481,4.03
WF81AW,300,7462,4.02
SM60DE,140,3481,4.02
NE110BT,45,1120,4.02
LE47RT,163,4059,4.02
GU12RB,30,746,4.02
DY76AB,193,4797,4.02
DY48DJ,23,572,4.02
ST162LZ,554,13826,4.01
S739AA,164,4093,4.01
PO121ER,409,10193,4.01
NN100GP,236,5880,4.01
LS251DS,339,8455,4.01
CO12DL,187,4669,4.01
S715PN,183,4572,4.0
RG49SJ,47,1176,4.0
OL164HS,35,876,4.0
EN35PT,71,1776,4.0
B184HJ,134,3346,4.0
W21EJ,25,626,3.99
S118ZH,251,6296,3.99
OX286HT,84,2105,3.99
N41DY,184,4613,3.99
MK402TW,90,2256,3.99
DY90NW,74,1854,3.99
CA222AE,167,4190,3.99
TW182DE,112,2812,3.98
TN11LJ,43,1080,3.98
RM65NR,92,2314,3.98
NG43DQ,166,4170,3.98
MK419NS,292,7334,3.98
EX201DZ,190,4775,3.98
PE366DR,61,1535,3.97
DT47ED,461,11608,3.97
BD231ET,43,1084,3.97
SK101BP,38,959,3.96
HU114AA,427,10793,3.96
GL168AL,56,1415,3.96
CO12QX,12,303,3.96
ST78DA,403,10199,3.95
E105QE,151,3823,3.95
DE117GX,564,14272,3.95
SP103AA,77,1954,3.94
SO319HW,68,1728,3.94
SN32EZ,279,7081,3.94
S56NU,242,6135,3.94
IP141PJ,920,23369,3.94
HD61RY,124,3152,3.93
CV114BX,20,509,3.93
S87FB,80,2043,3.92
NR116AJ,270,6890,3.92
BS84HU,15,383,3.92
BN214LG,23,586,3.92
WS11QJ,68,1737,3.91
S211AL,256,6551,3.91
PL53AL,172,4398,3.91
NG138AE,88,2252,3.91
M270EJ,20,512,3.91
TN225DL,108,2769,3.9
MK402PN,12,308,3.9
KT100PF,24,616,3.9
BA16RT,51,1307,3.9
TF107LT,72,1850,3.89
SK44QG,441,11340,3.89
RM82DA,129,3314,3.89
PL65AQ,49,1259,3.89
PE304PR,102,2619,3.89
NN48DN,20,514,3.89
BA112LA,73,1877,3.89
PO62HA,79,2035,3.88
NR22PB,43,1107,3.88
LS260EG,27,696,3.88
SK143EH,110,2842,3.87
RH98NH,61,1575,3.87
LE167DX,102,2639,3.87
BA133EQ,41,1060,3.87
TQ26AS,27,699,3.86
GU170NW,26,673,3.86
E111HH,178,4607,3.86
CV376UB,14,363,3.86
SY11JB,438,11391,3.85
HP65JW,26,676,3.85
B322DY,52,1352,3.85
RM53PJ,176,4578,3.84
OL84SA,85,2211,3.84
NR270AX,69,1797,3.84
NR135LL,267,6948,3.84
NG182AF,251,6530,3.84
GU125QA,58,1510,3.84
TN279SB,28,732,3.83
SM38AN,36,939,3.83
S137JL,492,12851,3.83
LS236BT,355,9275,3.83
SW151LN,25,655,3.82
NW95EP,161,4218,3.82
MK403LH,140,3664,3.82
CB41DY,161,4216,3.82
NG35FF,21,551,3.81
LU61SE,355,9317,3.81
IP141HH,362,9506,3.81
OX129BU,27,711,3.8
NE462EQ,410,10814,3.79
DH90AB,245,6457,3.79
PR31NS,27,715,3.78
CW26PE,208,5498,3.78
GL127BX,52,1378,3.77
B987DP,8,212,3.77
WN40DH,174,4625,3.76
LA232EQ,24,639,3.76
GL502PL,31,824,3.76
E161LQ,192,5105,3.76
BL67AD,101,2684,3.76
W138JR,58,1546,3.75
SP47HD,194,5171,3.75
RG54UL,44,1175,3.74
HP13AF,27,722,3.74
DE39GH,22,588,3.74
TN288BS,96,2574,3.73
LS197SP,290,7770,3.73
LA77PP,32,857,3.73
HP30HJ,46,1234,3.73
SY35AH,51,1372,3.72
SP20HE,163,4387,3.72
NW12AA,49,1317,3.72
GU470PR,20,538,3.72
BN71XG,92,2474,3.72
GL102EE,73,1969,3.71
WS123EA,244,6596,3.7
NE348PL,98,2651,3.7
LS184DR,187,5058,3.7
CV116LG,865,23384,3.7
BS348UE,149,4023,3.7
WA141RZ,95,2575,3.69
TN11NU,31,840,3.69
SN160FB,248,6727,3.69
RG73YU,86,2328,3.69
N28AX,53,1435,3.69
WV107PY,11,299,3.68
SY131AD,598,16248,3.68
SS95UU,383,10406,3.68
SG89AA,39,1060,3.68
NG85DN,271,7373,3.68
B610AZ,38,1032,3.68
FY67JL,26,708,3.67
PO91UN,336,9171,3.66
LE113DU,14,382,3.66
SM60EU,138,3783,3.65
BD211SA,303,8294,3.65
B901UA,152,4169,3.65
WC1H8DG,64,1759,3.64
LS285BR,43,1180,3.64
BS106BB,281,7725,3.64
NG125JT,22,606,3.63
CW95DR,7,193,3.63
CV115HU,116,3193,3.63
CB238EH,42,1158,3.63
CA166XN,242,6666,3.63
B288TD,58,1599,3.63
SW99AU,382,10542,3.62
NE346RE,100,2766,3.62
DA75AH,53,1463,3.62
WD63BY,27,748,3.61
TQ27DU,40,1107,3.61
OL147AD,36,997,3.61
NN155BT,87,2412,3.61
NN108BL,462,12811,3.61
LS63AN,223,6179,3.61
HA26ND,191,5284,3.61
DE557BR,168,4650,3.61
BR68HU,42,1163,3.61
BD183AP,24,665,3.61
PO214TW,174,4838,3.6
LE36FD,49,1361,3.6
RH28BA,111,3093,3.59
RH101ND,38,1058,3.59
PR252YD,186,5175,3.59
KT169JU,13,362,3.59
GU47HN,399,11110,3.59
DA38PR,77,2145,3.59
CV311NH,267,7428,3.59
CT117DS,327,9100,3.59
W105NR,144,4026,3.58
TF93DD,124,3465,3.58
OL81QN,132,3690,3.58
NE387QZ,100,2795,3.58
EX327BT,51,1424,3.58
ST52UB,40,1122,3.57
PR252LB,46,1293,3.56
NG229PR,209,5879,3.56
CT147AY,148,4161,3.56
TS253QD,197,5557,3.55
TS181HX,68,1918,3.55
NW52TJ,99,2792,3.55
NE46UJ,117,3297,3.55
ME23HF,79,2227,3.55
GL205AB,26,732,3.55
CM120AR,30,844,3.55
BS59HT,39,1099,3.55
SY37FA,81,2287,3.54
WV13ER,461,13058,3.53
TA187BN,52,1473,3.53
DE130NU,71,2014,3.53
BA51SU,25,709,3.53
RG247HS,55,1562,3.52
DY33TA,118,3354,3.52
YO177JJ,59,1680,3.51
WA87GD,39,1110,3.51
WA139QW,92,2619,3.51
ST16BG,413,11754,3.51
OX201JF,30,855,3.51
NE95HB,19,542,3.51
HP92LS,10,285,3.51
BS82DJ,30,854,3.51
ST195DH,201,5756,3.49
S603PU,38,1089,3.49
PO409UT,55,1578,3.49
LE113AB,49,1406,3.49
L84PF,429,12275,3.49
KT27PW,19,544,3.49
IP242DT,86,2465,3.49
BD176JX,31,888,3.49
SW148DP,113,3255,3.47
PL311JW,193,5562,3.47
N211HS,41,1180,3.47
LE130TR,139,4001,3.47
TN48BH,99,2860,3.46
RG279GA,51,1473,3.46
PR58ES,129,3724,3.46
NG91BS,112,3237,3.46
NE236QQ,40,1156,3.46
HP92PZ,92,2658,3.46
WS121AG,230,6663,3.45
TF136EN,63,1826,3.45
PO76QA,32,928,3.45
PL68RP,87,2524,3.45
NE95BY,327,9492,3.45
HD58PZ,39,1131,3.45
WR37BT,458,13302,3.44
SN11RN,522,15194,3.44
NW73JR,80,2328,3.44
DN47HA,222,6458,3.44
BS84DS,40,1163,3.44
SK25AR,249,7264,3.43
PL277EA,104,3032,3.43
OX127LU,50,1459,3.43
NG43GY,17,495,3.43
HP65JP,43,1255,3.43
B629AB,91,2658,3.42
S214DN,118,3460,3.41
N112EL,14,411,3.41
LS117AB,359,10542,3.41
BD50PD,165,4838,3.41
WD77NQ,7,206,3.4
TR274BT,25,735,3.4
TS197LB,157,4630,3.39
NE404LZ,296,8736,3.39
LS103NG,190,5597,3.39
L232SF,23,678,3.39
HD50JE,55,1622,3.39
PO157AL,60,1773,3.38
PE296HH,36,1064,3.38
CV65BN,36,1065,3.38
BN15BF,30,887,3.38
SO318ER,67,1990,3.37
SN11JQ,121,3589,3.37
DL22AQ,109,3239,3.37
DH33PX,18,534,3.37
BS494NL,26,771,3.37
RG306AD,15,446,3.36
RG20EG,39,1159,3.36
NG105HU,373,11086,3.36
LS131LT,259,7717,3.36
DY103DL,38,1130,3.36
CM20EF,250,7431,3.36
TW34NH,43,1284,3.35
NW64HJ,40,1193,3.35
NG146FP,157,4688,3.35
DN159RN,151,4512,3.35
BN443YB,42,1253,3.35
S755HG,121,3627,3.34
S433UT,33,987,3.34
NE340PL,36,1077,3.34
DE236JJ,39,1168,3.34
L396SG,55,1653,3.33
WR114RE,103,3100,3.32
BH317PU,178,5368,3.32
PO169PP,25,756,3.31
ME11BD,33,998,3.31
GL517SA,280,8452,3.31
CW109BN,164,4960,3.31
HP157BB,41,1242,3.3
E176PU,193,5853,3.3
CV114FJ,87,2634,3.3
CR04PB,87,2634,3.3
CB13PA,26,789,3.3
BN15EG,30,910,3.3
TR184JH,27,821,3.29
LN95BL,177,5375,3.29
CA119GQ,50,1518,3.29
CW55RQ,28,853,3.28
GL72PP,9,276,3.26
GL528LR,45,1379,3.26
NN114BH,515,15826,3.25
CT102HY,28,861,3.25
BS65TZ,26,801,3.25
BN175JR,68,2091,3.25
IP53SL,24,741,3.24
HA52AA,7,216,3.24
TA63DG,72,2227,3.23
PL48PT,43,1331,3.23
NN96HS,121,3749,3.23
LE126JG,21,650,3.23
LA11NQ,16,495,3.23
SO518BZ,45,1404,3.21
HG11ED,42,1308,3.21
CH37AS,40,1247,3.21
BS483HA,27,842,3.21
TQ137DT,65,2034,3.2
RM187BS,120,3750,3.2
PE321AR,14,438,3.2
SE91JB,61,1915,3.19
PO198QF,8,251,3.19
L394QJ,21,658,3.19
CA48JF,14,439,3.19
SN153LD,29,911,3.18
RH43HR,11,346,3.18
ME168TR,87,2738,3.18
BH316DR,35,1101,3.18
B147NH,163,5133,3.18
NR93AB,34,1071,3.17
BR40HW,18,567,3.17
RH80PG,26,822,3.16
PL288BY,55,1741,3.16
N154AJ,73,2307,3.16
CR52BA,20,632,3.16
BS231TN,49,1553,3.16
WR101EQ,46,1459,3.15
PL219AB,42,1332,3.15
CV212SG,124,3934,3.15
BH93RE,167,5305,3.15
TR73DH,257,8186,3.14
RH67DJ,27,860,3.14
OX286AD,11,350,3.14
S706AB,263,8412,3.13
NE661TD,35,1118,3.13
GL73AP,19,608,3.13
CT68PZ,37,1183,3.13
CB88ET,42,1341,3.13
BH220JD,36,1152,3.13
BH148UB,61,1946,3.13
OX266LP,34,1090,3.12
NG25JE,92,2946,3.12
DE221FX,31,993,3.12
BS66RX,67,2146,3.12
SY66EE,357,11493,3.11
PO93HN,128,4115,3.11
L392AW,56,1802,3.11
BH49EF,51,1639,3.11
BB32RG,7,225,3.11
LS251EZ,30,967,3.1
CW124AN,48,1549,3.1
CB12LF,84,2710,3.1
CA117NH,49,1581,3.1
SO451WE,22,711,3.09
SG85NF,30,971,3.09
SE288RA,111,3592,3.09
RM155JQ,142,4598,3.09
HA55DX,25,811,3.08
PE12SJ,113,3679,3.07
S648PZ,208,6805,3.06
HD14LF,39,1274,3.06
PE111NX,110,3602,3.05
NN26NS,238,7815,3.05
HP39SQ,6,197,3.05
DE557JA,279,9162,3.05
OL102PP,40,1314,3.04
NG171BG,494,16234,3.04
SL71DD,8,264,3.03
WV146AA,208,6881,3.02
TF91AA,15,497,3.02
OL50PD,28,927,3.02
L188AG,93,3078,3.02
DA100BF,74,2447,3.02
B421TY,16,529,3.02
PO121PA,15,499,3.01
GU29ZD,46,1526,3.01
CA130HS,38,1264,3.01
OL99SB,42,1401,3.0
GU68RL,312,10395,3.0
YO232QQ,170,5688,2.99
SL69BT,29,971,2.99
DN25JA,280,9354,2.99
DN157RQ,35,1170,2.99
GU167HT,26,872,2.98
AL49RD,14,470,2.98
AL35NB,61,2048,2.98
WV67QH,16,541,2.96
ST62JB,262,8854,2.96
PE377DF,219,7392,2.96
NE290LZ,32,1082,2.96
YO126SF,66,2239,2.95
NG27RS,37,1255,2.95
HU192DZ,176,5974,2.95
EX238BU,50,1695,2.95
BS408RD,29,983,2.95
AL35BG,20,678,2.95
SW1P4AP,12,408,2.94
BR13PR,30,1021,2.94
TQ69SA,7,239,2.93
SN160BJ,70,2386,2.93
RG145JB,10,341,2.93
M456BF,16,547,2.93
LN139AQ,249,8497,2.93
KT59ET,93,3172,2.93
BH76BZ,43,1466,2.93
PL190FZ,4,137,2.92
BA99JF,37,1267,2.92
SL12AA,26,892,2.91
BD87LD,83,2856,2.91
B603EQ,68,2340,2.91
HA86QX,74,2553,2.9
HA49BN,47,1620,2.9
EX122LA,103,3546,2.9
SO314QH,206,7138,2.89
RG278NS,73,2530,2.89
PR71LB,23,795,2.89
NW96SH,17,588,2.89
GU99QL,24,831,2.89
BH89UG,12,415,2.89
LE89HB,18,625,2.88
IG62AD,48,1668,2.88
BR60NQ,35,1215,2.88
TN131LZ,18,628,2.87
HP79NU,41,1427,2.87
RG48JB,89,3110,2.86
RG217PU,15,524,2.86
PO122JR,24,840,2.86
BS105DX,39,1365,2.86
BN214LL,30,1048,2.86
SO456BH,25,876,2.85
LE97ND,48,1682,2.85
WV44DQ,164,5771,2.84
SO249AU,36,1268,2.84
OX331LZ,5,176,2.84
OX294LF,42,1477,2.84
M224FZ,88,3097,2.84
BS251JF,23,809,2.84
RG404JD,14,495,2.83
M206DF,21,743,2.83
KT147HP,22,778,2.83
MK183HF,13,461,2.82
LA50DT,7,248,2.82
CM170DN,186,6600,2.82
BB24DY,39,1384,2.82
BA133HB,9,319,2.82
SM53LB,126,4482,2.81
S639LQ,132,4695,2.81
PL277AH,30,1068,2.81
PE316AG,40,1426,2.81
SN169AX,30,1077,2.79
LU71HJ,31,1112,2.79
LE127AF,19,682,2.79
IG104HT,8,287,2.79
BS361JN,145,5203,2.79
B346QU,109,3900,2.79
NG347TW,364,13072,2.78
LE169QQ,198,7130,2.78
IP75AG,64,2300,2.78
IP11BT,383,13782,2.78
YO322PU,35,1264,2.77
TN91EY,125,4510,2.77
BB56PN,19,686,2.77
BA201PN,29,1052,2.76
WV46ED,3,109,2.75
WS98AJ,54,1964,2.75
TS201AA,14,510,2.75
E162DS,21,765,2.75
SK176EU,38,1388,2.74
PE71HA,39,1421,2.74
PE301LT,59,2155,2.74
WR111AW,22,805,2.73
TQ13TB,77,2824,2.73
CR51EB,26,954,2.73
OX29LG,49,1799,2.72
NG347PX,44,1626,2.71
CM166TN,118,4350,2.71
BS206EH,19,700,2.71
BL16AB,69,2551,2.7
B170HP,15,556,2.7
RG170NB,22,818,2.69
CW95EA,57,2117,2.69
TW118PF,28,1046,2.68
PO20HT,17,634,2.68
NR11LX,6,224,2.68
ME156LP,148,5551,2.67
L70LS,8,300,2.67
RG315HY,8,301,2.66
N194HT,36,1351,2.66
TN173EE,31,1169,2.65
TN131DH,7,264,2.65
SO427SR,15,565,2.65
NG92BB,48,1814,2.65
N182XZ,54,2040,2.65
M65FX,54,2034,2.65
GL501JS,45,1698,2.65
BR66EY,15,565,2.65
BB80BP,55,2077,2.65
SN101NN,26,985,2.64
B645BA,69,2610,2.64
B277UW,83,3145,2.64
L254RS,22,837,2.63
HR12JB,58,2202,2.63
HG41ES,23,875,2.63
LA185DP,40,1528,2.62
DE216ET,85,3240,2.62
BN85QE,23,881,2.61
LE86LN,174,6698,2.6
HG31JP,29,1115,2.6
DL78PQ,25,961,2.6
WA67DF,30,1157,2.59
HP202QL,27,1043,2.59
GL181AR,50,1933,2.59
EN89DG,95,3670,2.59
SK74PL,116,4489,2.58
OX37BL,21,818,2.57
KT190AA,22,856,2.57
BA17NB,16,623,2.57
CV324LJ,36,1404,2.56
YO422AR,58,2276,2.55
SM14HX,21,824,2.55
PO77RL,13,509,2.55
NR31RN,5,196,2.55
HU68JL,11,431,2.55
HD45RL,105,4115,2.55
S431AD,286,11279,2.54
NG198BB,54,2128,2.54
LE113NP,17,668,2.54
DL82AL,64,2522,2.54
PL254TR,259,10235,2.53
GU71JE,42,1660,2.53
GU13LF,11,434,2.53
B449SU,396,15640,2.53
BH188DN,21,832,2.52
IP51HX,127,5063,2.51
CV213BG,608,24241,2.51
CM71JP,82,3272,2.51
TS146HG,30,1198,2.5
TA13ES,93,3718,2.5
SP97FH,146,5858,2.49
SO155QJ,43,1729,2.49
B771PQ,470,18897,2.49
S434PH,104,4190,2.48
KT229HX,33,1331,2.48
DE44FB,144,5815,2.48
BA100ES,9,363,2.48
SL37TG,37,1499,2.47
RG73SY,49,1984,2.47
CO45AS,21,850,2.47
CT28BS,31,1259,2.46
TN306HT,34,1388,2.45
NE215NW,20,816,2.45
GL71RH,6,245,2.45
BS153DS,32,1304,2.45
TN120AH,13,532,2.44
N154ET,50,2052,2.44
GL74AQ,28,1147,2.44
CT161BD,187,7649,2.44
BH51LX,14,573,2.44
TN24JS,28,1153,2.43
OX117XT,46,1896,2.43
CH38JB,17,700,2.43
RG183AG,118,4887,2.41
ME121NL,36,1495,2.41
BH152BZ,41,1702,2.41
RG80SP,31,1293,2.4
PO191QS,26,1084,2.4
NG199AH,108,4495,2.4
BS311EB,42,1749,2.4
ST71LX,196,8218,2.39
OX145AG,44,1843,2.39
LN110EU,60,2506,2.39
TR12LL,39,1641,2.38
NG26HT,58,2442,2.38
CA11EB,45,1892,2.38
BS481TB,43,1808,2.38
OX143QX,17,718,2.37
HA26PN,64,2700,2.37
B650DX,82,3454,2.37
RM81YR,83,3515,2.36
PO332AD,6,254,2.36
KT92EP,13,550,2.36
EN87LA,42,1783,2.36
EN64HE,39,1654,2.36
BA111QS,28,1188,2.36
TR262SF,37,1572,2.35
TQ47SH,13,554,2.35
NW103JN,42,1784,2.35
W1D3HZ,10,427,2.34
IP68DH,229,9774,2.34
TN163BB,359,15466,2.32
SP27FD,177,7634,2.32
DL85BN,32,1382,2.32
BH151TP,11,475,2.32
SE16HD,3,130,2.31
DE217RH,235,10160,2.31
LS298DP,28,1217,2.3
E112AA,16,695,2.3
CM73HF,13,564,2.3
BD72LS,118,5130,2.3
B458SB,7,304,2.3
L86QP,29,1272,2.28
CW55BZ,11,482,2.28
CW47AP,26,1141,2.28
HU55JR,20,880,2.27
MK402RN,13,574,2.26
GL72NW,29,1281,2.26
YO304TN,118,5240,2.25
RM96AE,147,6527,2.25
KT198EX,46,2042,2.25
CO156QF,21,933,2.25
AL52RU,73,3245,2.25
NG116BN,9,401,2.24
WS136LL,92,4117,2.23
RH80AX,86,3863,2.23
LS299JB,23,1031,2.23
KT185NU,13,584,2.23
CR26AJ,12,537,2.23
WV59DP,25,1125,2.22
SO166QL,250,11281,2.22
IP42SH,25,1126,2.22
BN24EB,135,6087,2.22
DE61DT,163,7359,2.21
WD77LB,50,2277,2.2
GU248LZ,8,363,2.2
DY32PA,61,2770,2.2
LS299PA,15,687,2.18
L163NN,94,4309,2.18
IP139AH,23,1061,2.17
HU52UT,10,460,2.17
EX141AF,20,922,2.17
SK38PN,83,3844,2.16
WD79DE,12,559,2.15
SO518BY,34,1583,2.15
HA74HT,9,418,2.15
M409NL,199,9313,2.14
CH649XF,8,374,2.14
B675BS,76,3558,2.14
YO127QT,101,4734,2.13
HP42DJ,13,611,2.13
BB24DT,49,2300,2.13
YO266AR,57,2693,2.12
M45EE,111,5246,2.12
LE56PW,13,614,2.12
CO76HE,44,2079,2.12
SO419BR,24,1136,2.11
SL99AL,18,854,2.11
HA37LL,38,1798,2.11
WA34NQ,49,2328,2.1
HG15QU,16,762,2.1
DN345TW,66,3139,2.1
NW104AJ,71,3397,2.09
GU24AX,22,1052,2.09
SG52DY,5,240,2.08
SG13EA,21,1010,2.08
BS94LB,15,724,2.07
S182GN,31,1508,2.06
NW97AA,21,1019,2.06
HU67JG,37,1798,2.06
GL72DG,31,1504,2.06
GL542BP,29,1405,2.06
RM70PX,71,3459,2.05
SS156AZ,26,1276,2.04
DN208AS,11,540,2.04
IP122GA,65,3212,2.02
BD47QP,54,2668,2.02
HA52QQ,10,498,2.01
PE46QF,52,2598,2.0
NN95JA,15,751,2.0
KT121LL,11,553,1.99
HU139AY,19,957,1.99
DE119DA,90,4520,1.99
HX78AD,18,911,1.98
EX11SL,11,556,1.98
NG35DU,4,203,1.97
GL11DP,22,1114,1.97
DN401LR,38,1928,1.97
OX495BU,21,1073,1.96
SO427RD,16,821,1.95
SO321DS,30,1539,1.95
NW103RY,86,4425,1.94
DH31LR,231,11907,1.94
TN61DG,32,1660,1.93
GL88XB,46,2382,1.93
CB248QZ,15,776,1.93
BS226LJ,34,1761,1.93
DE143QZ,18,937,1.92
B761RF,20,1039,1.92
SG51BY,18,942,1.91
RG213ET,25,1307,1.91
PR45EB,25,1308,1.91
SE228BQ,18,945,1.9
DT117DU,124,6534,1.9
DN124AT,126,6615,1.9
B974LB,13,685,1.9
CB24EW,12,636,1.89
YO84PW,73,3888,1.88
HA48PD,16,853,1.88
BN108JR,62,3298,1.88
BH231QL,3,160,1.88
RH193AW,46,2465,1.87
LN11XP,18,961,1.87
PE84EJ,75,4028,1.86
IG50PN,104,5600,1.86
GL45UA,11,591,1.86
GL102QA,11,592,1.86
ME160DP,26,1402,1.85
IP119DS,30,1622,1.85
BD195AR,33,1784,1.85
WD50AZ,34,1861,1.83
WC1N1AG,24,1314,1.83
SE186EX,47,2562,1.83
WD173HE,10,550,1.82
N90TW,157,8650,1.82
PO88XJ,30,1654,1.81
WN22QA,122,6775,1.8
OL104LY,124,6906,1.8
BD87EP,72,4011,1.8
TQ139AD,3,168,1.79
S752AE,36,2009,1.79
NG24FE,73,4087,1.79
KT123ET,30,1673,1.79
RH67AB,69,3875,1.78
LS226NZ,27,1520,1.78
DT13WH,12,675,1.78
NG95EH,85,4812,1.77
CT31AA,27,1528,1.77
PL206DS,9,510,1.76
MK183HB,12,683,1.76
BN111HE,68,3883,1.75
RG457BF,8,461,1.74
KT25HE,34,1953,1.74
DY11LQ,70,4022,1.74
W1U8HW,8,462,1.73
TN48AS,12,695,1.73
ST148AZ,60,3462,1.73
BS161NU,18,1049,1.72
TN25TB,28,1651,1.7
TF119AU,8,471,1.7
TA11DG,30,1768,1.7
PO139LY,10,588,1.7
GU214AA,4,236,1.69
RH149QS,33,1969,1.68
N178FE,20,1188,1.68
TN163TJ,3,181,1.66
KT153HD,31,1872,1.66
EX143DR,8,482,1.66
B955BG,24,1443,1.66
W127LJ,8,487,1.64
NN81LP,65,3970,1.64
EX96RW,10,608,1.64
BH149ET,9,548,1.64
ST148AF,28,1718,1.63
LE675ET,26,1591,1.63
NG316TA,7,431,1.62
GL32DB,46,2876,1.6
SP103JY,14,888,1.58
SO164RF,150,9506,1.58
PE275BZ,21,1331,1.58
NG208TA,122,7741,1.58
WA144PJ,15,957,1.57
SL99HA,7,447,1.57
CA158AD,18,1144,1.57
W113HL,7,450,1.56
LS124NQ,124,7936,1.56
BB47NG,25,1601,1.56
SY14EE,23,1491,1.54
SW191QE,7,454,1.54
W43RE,22,1443,1.52
NE290HG,65,4288,1.52
SW100HE,19,1256,1.51
RH41RY,10,664,1.51
PR23NB,17,1126,1.51
DH33AT,59,3905,1.51
CH14DS,31,2050,1.51
ST45NP,18,1201,1.5
GL504FA,2,133,1.5
GL115NX,76,5072,1.5
YO104BQ,4,269,1.49
HA74AR,6,403,1.49
SE38BT,9,610,1.48
N88LA,47,3173,1.48
M74LR,10,674,1.48
W23PH,22,1509,1.46
RH104HZ,11,752,1.46
ME80HT,99,6768,1.46
SS75RE,28,1938,1.44
SW25SG,19,1325,1.43
ST195AF,12,838,1.43
LE40LE,51,3576,1.43
GU214AL,17,1188,1.43
PO51PX,16,1128,1.42
CH420LQ,11,772,1.42
BS377AG,7,497,1.41
SL58QB,9,641,1.4
OX73PQ,2,143,1.4
KT66HX,12,855,1.4
B912AQ,16,1139,1.4
NG181NG,28,2018,1.39
BN158AP,5,363,1.38
TN401JG,2,146,1.37
CA287BL,177,12980,1.36
TA81PH,2,148,1.35
BN271DN,59,4393,1.34
BS494EJ,5,382,1.31
S459PE,3,232,1.29
PO160BG,2,155,1.29
LE130HR,31,2410,1.29
DE723DU,66,5110,1.29
UB81UB,56,4391,1.28
GL504NJ,11,871,1.26
BH89QJ,6,478,1.26
WA11UG,34,2711,1.25
TR108GW,18,1437,1.25
CR28LJ,10,802,1.25
BN25FB,42,3362,1.25
RG17UZ,22,1776,1.24
GU85NA,23,1858,1.24
B210HH,39,3135,1.24
WR111BG,11,907,1.21
RG91AT,6,497,1.21
NN172AW,13,1072,1.21
DN332LY,10,825,1.21
BN111SU,13,1072,1.21
GU213LG,11,932,1.18
PE68HA,3,257,1.17
HA99AB,25,2129,1.17
BA160ND,4,342,1.17
SR27DF,10,864,1.16
ME138NU,12,1038,1.16
CB74LN,4,345,1.16
OX183JQ,3,262,1.15
ME75NY,5,433,1.15
BN147LG,3,261,1.15
TN57JR,13,1160,1.12
NG25LN,9,811,1.11
LE35EZ,62,5576,1.11
BS313BQ,2,180,1.11
PL112JY,11,999,1.1
NW42BP,28,2553,1.1
RG15BL,9,827,1.09
W138RY,5,465,1.08
SE30RL,25,2310,1.08
SN151HL,7,655,1.07
CO91LL,45,4203,1.07
LN68NH,8,763,1.05
CV15JT,84,7996,1.05
CA74DS,35,3327,1.05
B236DJ,22,2092,1.05
N97DU,21,2019,1.04
SK87EL,11,1068,1.03
WA101UH,18,1770,1.02
GU146DD,4,391,1.02
CV230QD,12,1174,1.02
BS226HQ,3,297,1.01
NE303DB,3,301,1.0
EX151AA,5,505,0.99
CV470HN,8,816,0.98
CV33DG,77,7856,0.98
RH15RH,6,624,0.96
DN162RZ,2,210,0.95
CA11PY,5,527,0.95
TW91YJ,18,1910,0.94
B376BA,72,7656,0.94
RG87AE,6,654,0.92
BD38EL,7,758,0.92
UB40NR,10,1100,0.91
OL111EF,5,551,0.91
NE159EL,18,2002,0.9
CT161BU,71,7855,0.9
SN22NT,6,674,0.89
WA32SA,37,4261,0.87
ST200EX,4,462,0.87
SG143SY,30,3464,0.87
SO505NX,32,3712,0.86
CO33PA,1,116,0.86
CO102AA,6,699,0.86
PL206RR,1,118,0.85
YO411BS,4,476,0.84
CH600BY,3,356,0.84
CB42AE,7,836,0.84
CA139NQ,7,838,0.84
KT100QY,9,1080,0.83
GU266TD,8,962,0.83
GL556AT,5,600,0.83
SL57HE,1,123,0.81
NG82BH,7,877,0.8
W55EX,9,1133,0.79
W25RA,17,2150,0.79
HX30UA,28,3534,0.79
GU68SN,17,2145,0.79
BD73EG,1,126,0.79
YO266GA,1,129,0.78
TN48UN,4,516,0.78
TA201PT,24,3084,0.78
WA141RP,3,393,0.76
BB72DH,1,132,0.76
SS133AG,31,4138,0.75
BD71LW,2,267,0.75
SO419BQ,4,538,0.74
B782LL,20,2689,0.74
CM35LL,2,274,0.73
DL78HD,2,279,0.72
SE15TY,6,844,0.71
NE31UE,3,424,0.71
EX332JL,7,991,0.71
KT33NB,32,4584,0.7
BS406HF,10,1422,0.7
RH103DG,2,289,0.69
TW80JW,12,1819,0.66
WD234QB,1,155,0.65
RG127RF,7,1069,0.65
BN251DH,3,467,0.64
B939LU,6,938,0.64
PO156JF,13,2052,0.63
NN84UF,2,320,0.63
S104JQ,4,657,0.61
ME156QE,4,651,0.61
TW181XD,2,333,0.6
SG85AB,2,331,0.6
GU280BE,2,332,0.6
RH164HT,8,1348,0.59
BA11HZ,5,863,0.58
CM170AQ,2,349,0.57
WC2N4HS,3,536,0.56
GU514PE,2,359,0.56
DE564EU,7,1256,0.56
CV129NG,25,4491,0.56
BN11AG,1,181,0.55
BB101UX,3,550,0.55
BA12PD,2,377,0.53
PL126AF,80,15335,0.52
PL34RJ,52,10320,0.5
B151LZ,20,3989,0.5
CV327SF,17,3535,0.48
PO123AJ,20,4261,0.47
IP11XG,8,1705,0.47
NR23HA,1,221,0.45
SE280EB,2,477,0.42
N43DS,20,4893,0.41
RM142QU,8,2144,0.37
CV21AX,7,2060,0.34
PO139DD,1,305,0.33
NW108TF,10,2986,0.33
SE280FG,1,323,0.31
TR13JJ,1,331,0.3
N128JT,1,329,0.3
LE35EQ,7,2303,0.3
DN212UQ,7,2492,0.28
CW15EQ,2,718,0.28
SL42QX,3,1103,0.27
GU266LD,1,404,0.25
CA124HP,2,794,0.25
NN100QS,13,5436,0.24
BS82XE,5,2055,0.24
TQ58LJ,1,435,0.23
SE50DL,5,2145,0.23
M501ZD,7,3042,0.23
DE44FS,4,1710,0.23
BD94QU,2,869,0.23
SW151HJ,1,452,0.22
GU125HR,4,1954,0.2
SL71DQ,1,536,0.19
PO191JR,1,532,0.19
KT228SD,1,550,0.18
N98JS,6,3444,0.17
CW111EQ,1,608,0.16
RH191PN,6,4076,0.15
BR13DD,1,722,0.14
CR85AA,1,804,0.12
W39BA,1,878,0.11
L182DD,4,4028,0.1
ST148TH,3,3754,0.08
NN48DP,2,3011,0.07
NG177GQ,2,3226,0.06
BN111LZ,1,1617,0.06
SM45DA,1,2035,0.05
N135EZ,2,5977,0.03
WA166DX,0,601,0.0
W1G7DB,0,1320,0.0
UB83NN,0,1187,0.0
UB54BX,0,238,0.0
UB13HW,0,888,0.0
TW106AS,0,166,0.0
TS232NT,0,2478,0.0
TS198PE,0,3699,0.0
TS117BA,0,1702,0.0
TR60EY,0,872,0.0
TN91UJ,0,838,0.0
TN325AS,0,228,0.0
TN225AW,0,507,0.0
TN145PA,0,774,0.0
TA218QY,0,187,0.0
SY36DU,0,129,0.0
SY112HG,0,122,0.0
SW83RG,0,658,0.0
SW54UL,0,363,0.0
ST51JT,0,2886,0.0
ST163DA,0,1460,0.0
SO518GE,0,203,0.0
SN95AQ,0,744,0.0
SN13RW,0,859,0.0
SN130BH,0,3754,0.0
SE162XB,0,3916,0.0
RH106JD,0,128,0.0
RG92AR,0,167,0.0
RG178XU,0,524,0.0
RG141BD,0,272,0.0
RG109NY,0,667,0.0
PO88UJ,0,1104,0.0
PO51QZ,0,402,0.0
OX169YJ,0,149,0.0
OL36HY,0,898,0.0
NW52AJ,0,228,0.0
NW118LH,0,290,0.0
NW117HB,0,265,0.0
NN172UW,0,940,0.0
NN14TH,0,159,0.0
NG177AS,0,328,0.0
NG15DW,0,1004,0.0
N78GG,0,120,0.0
N145BP,0,633,0.0
ME99QJ,0,1355,0.0
ME75PS,0,211,0.0
ME156YF,0,943,0.0
M201AB,0,977,0.0
LU63JA,0,171,0.0
LU48SE,0,3139,0.0
LS84EZ,0,668,0.0
LE101HL,0,466,0.0
LA94NQ,0,500,0.0
LA145TW,0,216,0.0
IG26JE,0,268,0.0
IG101DR,0,182,0.0
HU20PZ,0,391,0.0
GU151AX,0,322,0.0
GL75XN,0,384,0.0
GL168RG,0,158,0.0
FY29DZ,0,206,0.0
EN75ET,0,991,0.0
E96SG,0,1645,0.0
E48HX,0,1548,0.0
E149SN,0,117,0.0
E139EU,0,8166,0.0
DT47PL,0,271,0.0
DT47JR,0,834,0.0
DN46NJ,0,586,0.0
DL11BA,0,428,0.0
DE561WN,0,151,0.0
DE557AH,0,1758,0.0
CW72DP,0,527,0.0
CV48DU,0,726,0.0
CV311NL,0,603,0.0
CV213QN,0,300,0.0
CT147HE,0,634,0.0
CM164BD,0,557,0.0
CB101EE,0,176,0.0
CA11LB,0,642,0.0
BS83EW,0,172,0.0
BS67PT,0,109,0.0
BS119TS,0,293,0.0
BR40LZ,0,576,0.0
BN214JA,0,1161,0.0
BN213XY,0,148,0.0
BN212AR,0,397,0.0
BN14GE,0,301,0.0
BL26DD,0,1658,0.0
BH149LU,0,189,0.0
AL23QB,0,1340,0.0
